Jin,1,2,4,10,127,202,card_3star_jin_015
Jin,1,4,4,10,129,206,card_3star_jin_015
Jin,1,7,4,10,133,212,card_4star_jin_001
Jin,1,9,4,10,135,216,card_3star_jin_015
Jin,1,12,4,11,139,222,card_4star_jin_008
Jin,2,2,5,11,139,222,card_3star_jin_015
Jin,2,5,5,11,143,228,card_4star_jin_001
Jin,2,7,5,11,145,232,card_4star_jin_001
Jin,2,9,5,11,148,236,card_4star_jin_001
Jin,2,11,5,12,150,240,card_4star_jin_008
Jin,3,1,6,12,150,240,card_4star_jin_008
Jin,3,3,6,12,153,244,card_4star_jin_008
Jin,3,5,6,12,155,248,card_4star_jin_001
Jin,3,7,6,12,158,252,card_4star_jin_008
Jin,3,10,6,12,162,258,card_4star_jin_011
Jin,4,1,7,13,163,260,card_4star_jin_001
Jin,4,4,7,13,167,266,card_4star_jin_008
Jin,4,6,7,13,169,270,card_4star_jin_011
Jin,4,9,7,13,173,276,card_4star_jin_016
Jin,4,12,7,14,177,282,card_4star_jin_011
Jin,5,2,8,14,177,282,card_4star_jin_016
Jin,5,4,8,14,179,286,card_4star_jin_011
Jin,5,6,8,14,182,290,card_4star_jin_016
Jin,5,8,8,14,184,294,card_4star_jin_011
Jin,5,10,8,14,187,298,card_4star_jin_016
Jin,6,1,8,15,188,300,card_4star_jin_011
Jin,6,3,8,15,190,304,card_4star_jin_016
Jin,6,5,8,15,193,308,card_5star_jin_004
Jin,6,7,8,15,195,312,card_4star_jin_016
Jin,6,10,8,15,199,318,card_5star_jin_004
Suga,1,2,4,10,127,202,card_3star_suga_015
Suga,1,5,4,10,130,208,card_3star_suga_015
Suga,1,8,4,10,134,214,card_4star_suga_007
Suga,1,10,4,10,137,218,card_3star_suga_015
Suga,1,12,4,11,139,222,card_4star_suga_011
Suga,2,3,5,11,140,224,card_3star_suga_015
Suga,2,5,5,11,143,228,card_4star_suga_007
Suga,2,7,5,11,145,232,card_4star_suga_007
Suga,2,9,5,11,148,236,card_4star_suga_007
Suga,2,11,5,12,150,240,card_4star_suga_011
Suga,3,1,6,12,150,240,card_4star_suga_011
Suga,3,3,6,12,153,244,card_4star_suga_011
Suga,3,6,6,12,157,250,card_4star_suga_007
Suga,3,8,6,12,159,254,card_4star_suga_011
Suga,3,10,6,12,162,258,card_4star_suga_016
Suga,4,1,7,13,163,260,card_4star_suga_007
Suga,4,5,7,13,168,268,card_4star_suga_011
Suga,4,7,7,13,170,272,card_4star_suga_016
Suga,4,9,7,13,173,276,card_4star_suga_020
Suga,4,12,7,14,177,282,card_4star_suga_016
Suga,5,3,8,14,178,284,card_4star_suga_020
Suga,5,5,8,14,180,288,card_4star_suga_016
Suga,5,7,8,14,183,292,card_4star_suga_020
Suga,5,9,8,14,185,296,card_4star_suga_016
Suga,5,12,8,15,189,302,card_4star_suga_020
Suga,6,2,8,15,189,302,card_4star_suga_016
Suga,6,4,8,15,192,306,card_4star_suga_020
Suga,6,6,8,15,194,310,card_5star_suga_004
Suga,6,8,8,15,197,314,card_4star_suga_020
Suga,6,10,8,15,199,318,card_5star_suga_004
J-Hope,1,3,4,10,128,204,card_3star_jhope_021
J-Hope,1,5,4,10,130,208,card_3star_jhope_021
J-Hope,1,7,4,10,133,212,card_4star_jhope_003
J-Hope,1,9,4,10,135,216,card_3star_jhope_021
J-Hope,1,11,4,11,138,220,card_4star_jhope_006
J-Hope,2,2,5,11,139,222,card_3star_jhope_021
J-Hope,2,4,5,11,142,226,card_4star_jhope_003
J-Hope,2,6,5,11,144,230,card_4star_jhope_003
J-Hope,2,10,5,11,149,238,card_4star_jhope_003
J-Hope,2,12,5,12,152,242,card_4star_jhope_006
J-Hope,3,3,6,12,153,244,card_4star_jhope_006
J-Hope,3,5,6,12,155,248,card_4star_jhope_006
J-Hope,3,7,6,12,158,252,card_4star_jhope_003
J-Hope,3,9,6,12,160,256,card_4star_jhope_006
J-Hope,3,11,6,13,163,260,card_4star_jhope_011
J-Hope,4,2,7,13,164,262,card_4star_jhope_003
J-Hope,4,4,7,13,167,266,card_4star_jhope_006
J-Hope,4,7,7,13,170,272,card_4star_jhope_011
J-Hope,4,9,7,13,173,276,card_4star_jhope_016
J-Hope,4,11,7,14,175,280,card_4star_jhope_011
J-Hope,5,3,8,14,178,284,card_4star_jhope_016
J-Hope,5,6,8,14,182,290,card_4star_jhope_011
J-Hope,5,8,8,14,184,294,card_4star_jhope_016
J-Hope,5,10,8,14,187,298,card_4star_jhope_011
J-Hope,5,12,8,15,189,302,card_4star_jhope_016
J-Hope,6,2,8,15,189,302,card_4star_jhope_011
J-Hope,6,4,8,15,192,306,card_4star_jhope_016
J-Hope,6,6,8,15,194,310,card_5star_jhope_003
J-Hope,6,9,8,15,198,316,card_4star_jhope_016
J-Hope,6,11,8,16,200,320,card_5star_jhope_003
RM,1,3,4,10,128,204,card_3star_rm_014
RM,1,5,4,10,130,208,card_3star_rm_014
RM,1,7,4,10,133,212,card_4star_rm_001
RM,1,9,4,10,135,216,card_3star_rm_014
RM,1,11,4,11,138,220,card_4star_rm_005
RM,2,2,5,11,139,222,card_3star_rm_014
RM,2,4,5,11,142,226,card_4star_rm_001
RM,2,6,5,11,144,230,card_4star_rm_001
RM,2,9,5,11,148,236,card_4star_rm_001
RM,2,11,5,12,150,240,card_4star_rm_005
RM,3,2,6,12,152,242,card_4star_rm_005
RM,3,4,6,12,154,246,card_4star_rm_005
RM,3,6,6,12,157,250,card_4star_rm_001
RM,3,8,6,12,159,254,card_4star_rm_005
RM,3,11,6,13,163,260,card_4star_rm_011
RM,4,2,7,13,164,262,card_4star_rm_001
RM,4,4,7,13,167,266,card_4star_rm_005
RM,4,6,7,13,169,270,card_4star_rm_011
RM,4,9,7,13,173,276,card_4star_rm_016
RM,4,11,7,14,175,280,card_4star_rm_011
RM,5,1,8,14,175,280,card_4star_rm_016
RM,5,3,8,14,178,284,card_4star_rm_011
RM,5,5,8,14,180,288,card_4star_rm_016
RM,5,7,8,14,183,292,card_4star_rm_011
RM,5,10,8,14,187,298,card_4star_rm_016
RM,6,2,8,15,189,302,card_4star_rm_011
RM,6,5,8,15,193,308,card_4star_rm_016
RM,6,7,8,15,195,312,card_5star_rm_004
RM,6,9,8,15,198,316,card_4star_rm_016
RM,6,11,8,16,200,320,card_5star_rm_004
Jimin,1,2,4,10,127,202,card_3star_jimin_008
Jimin,1,5,4,10,130,208,card_3star_jimin_008
Jimin,1,7,4,10,133,212,card_4star_jimin_005
Jimin,1,9,4,10,135,216,card_3star_jimin_008
Jimin,1,11,4,11,138,220,card_4star_jimin_011
Jimin,2,1,5,11,138,220,card_3star_jimin_008
Jimin,2,4,5,11,142,226,card_4star_jimin_005
Jimin,2,7,5,11,145,232,card_4star_jimin_005
Jimin,2,9,5,11,148,236,card_4star_jimin_005
Jimin,2,11,5,12,150,240,card_4star_jimin_011
Jimin,3,1,6,12,150,240,card_4star_jimin_011
Jimin,3,3,6,12,153,244,card_4star_jimin_011
Jimin,3,5,6,12,155,248,card_4star_jimin_005
Jimin,3,9,6,12,160,256,card_4star_jimin_011
Jimin,3,11,6,13,163,260,card_4star_jimin_016
Jimin,4,2,7,13,164,262,card_4star_jimin_005
Jimin,4,4,7,13,167,266,card_4star_jimin_011
Jimin,4,7,7,13,170,272,card_4star_jimin_016
Jimin,4,9,7,13,173,276,card_4star_jimin_017
Jimin,4,11,7,14,175,280,card_4star_jimin_016
Jimin,5,1,8,14,175,280,card_4star_jimin_017
Jimin,5,3,8,14,178,284,card_4star_jimin_016
Jimin,5,6,8,14,182,290,card_4star_jimin_017
Jimin,5,8,8,14,184,294,card_4star_jimin_016
Jimin,5,11,8,15,188,300,card_4star_jimin_017
Jimin,6,2,8,15,189,302,card_4star_jimin_016
Jimin,6,5,8,15,193,308,card_4star_jimin_017
Jimin,6,7,8,15,195,312,card_5star_jimin_003
Jimin,6,9,8,15,198,316,card_4star_jimin_017
Jimin,6,11,8,16,200,320,card_5star_jimin_003
V,1,2,4,10,127,202,card_3star_v_010
V,1,5,4,10,130,208,card_3star_v_010
V,1,7,4,10,133,212,card_4star_v_005
V,1,10,4,10,137,218,card_3star_v_010
V,1,12,4,11,139,222,card_4star_v_011
V,2,2,5,11,139,222,card_3star_v_010
V,2,4,5,11,142,226,card_4star_v_005
V,2,6,5,11,144,230,card_4star_v_005
V,2,8,5,11,147,234,card_4star_v_005
V,2,10,5,11,149,238,card_4star_v_011
V,3,1,6,12,150,240,card_4star_v_011
V,3,5,6,12,155,248,card_4star_v_011
V,3,7,6,12,158,252,card_4star_v_005
V,3,9,6,12,160,256,card_4star_v_011
V,3,11,6,13,163,260,card_4star_v_016
V,4,2,7,13,164,262,card_4star_v_005
V,4,4,7,13,167,266,card_4star_v_011
V,4,6,7,13,169,270,card_4star_v_016
V,4,8,7,13,172,274,card_4star_v_018
V,4,10,7,13,174,278,card_4star_v_016
V,5,1,8,14,175,280,card_4star_v_018
V,5,5,8,14,180,288,card_4star_v_016
V,5,7,8,14,183,292,card_4star_v_018
V,5,9,8,14,185,296,card_4star_v_016
V,5,11,8,15,188,300,card_4star_v_018
V,6,2,8,15,189,302,card_4star_v_016
V,6,5,8,15,193,308,card_4star_v_018
V,6,7,8,15,195,312,card_5star_v_004
V,6,9,8,15,198,316,card_4star_v_018
V,6,11,8,16,200,320,card_5star_v_004
Jungkook,1,2,4,10,127,202,card_3star_jungkook_008
Jungkook,1,4,4,10,129,206,card_3star_jungkook_008
Jungkook,1,6,4,10,132,210,card_4star_jungkook_002
Jungkook,1,9,4,10,135,216,card_3star_jungkook_008
Jungkook,1,11,4,11,138,220,card_4star_jungkook_010
Jungkook,2,3,5,11,140,224,card_3star_jungkook_008
Jungkook,2,5,5,11,143,228,card_4star_jungkook_002
Jungkook,2,8,5,11,147,234,card_4star_jungkook_002
Jungkook,2,10,5,11,149,238,card_4star_jungkook_002
Jungkook,2,12,5,12,152,242,card_4star_jungkook_010
Jungkook,3,2,6,12,152,242,card_4star_jungkook_010
Jungkook,3,4,6,12,154,246,card_4star_jungkook_010
Jungkook,3,7,6,12,158,252,card_4star_jungkook_002
Jungkook,3,9,6,12,160,256,card_4star_jungkook_010
Jungkook,3,11,6,13,163,260,card_4star_jungkook_011
Jungkook,4,1,7,13,163,260,card_4star_jungkook_002
Jungkook,4,3,7,13,165,264,card_4star_jungkook_010
Jungkook,4,6,7,13,169,270,card_4star_jungkook_011
Jungkook,4,8,7,13,172,274,card_4star_jungkook_016
Jungkook,4,11,7,14,175,280,card_4star_jungkook_011
Jungkook,5,1,8,14,175,280,card_4star_jungkook_016
Jungkook,5,4,8,14,179,286,card_4star_jungkook_011
Jungkook,5,7,8,14,183,292,card_4star_jungkook_016
Jungkook,5,9,8,14,185,296,card_4star_jungkook_011
Jungkook,5,11,8,15,188,300,card_4star_jungkook_016
Jungkook,6,1,8,15,188,300,card_4star_jungkook_011
Jungkook,6,3,8,15,190,304,card_4star_jungkook_016
Jungkook,6,5,8,15,193,308,card_5star_jungkook_003
Jungkook,6,9,8,15,198,316,card_4star_jungkook_016
Jungkook,6,11,8,16,200,320,card_5star_jungkook_003
