11010505-2,Jin,"[""Manager... Are you busy?""]",80,SMS_M_Jin_36_02_01,104,SMS_M_Jin_36_03_01,0,0,Nope nope not at all!,&A little but it's okay. What's up?,
11010505-10,Jin,"[""Manager... Are you busy?"","")Wait... This sounds a lot like a goodbye?""]",104,SMS_M_Jin_36_05_01,80,SMS_M_Jin_36_06_01,0,0,I don't understand?,This is so sudden!,
11020409-3,Suga,"[""6Thankfully the troll hasn't posted any more, Manager"",""!I think it's safe to relax now!""]",69,SMS_M_Suga_32_02_01,53,SMS_M_Suga_32_03_01,0,0,"1Huh? It's the most handsome of them all, Yunki!",I wasn't worried at all?,
11020409-14,Suga,"[""6Thankfully the troll hasn't posted any more, Manager"",""QThe other members are sad that their first fan hasn't been commenting lately...""]",69,SMS_M_Suga_32_05_01,53,SMS_M_Suga_32_06_01,0,0,-Should I reveal their first fan's identity?,.How about you comment using your real account?,
11020409-21,Suga,"[""6Thankfully the troll hasn't posted any more, Manager"","":You seem so nice, Manager, but that's cold! T_T shupshup""]",69,SMS_M_Suga_32_08_01,53,SMS_M_Suga_32_09_01,37,SMS_M_Suga_32_10_01,Sorry... I'll stop teasing!,#Do you want me to keep it a secret?,3You don't sound like your usual self... Shupshup?
11020719-11,Suga,"[""Ahem..."",""It's not too late""]",104,SMS_M_Suga_64_02_01,56,SMS_M_Suga_64_03_01,80,SMS_M_Suga_64_04_01,I'll fly over right now!,At this hour?,I'll send one of the members
11020719-28,Suga,"[""Ahem..."",""=But now that we've received an award it really is pretty nice""]",56,SMS_M_Suga_64_05_01,80,SMS_M_Suga_64_06_01,104,SMS_M_Suga_64_07_01,This is only the beginning,Let's have a party to celebrate!,How happy?
11030112-8,J-Hope,"[""I called on accident..."",""What did you hear me say? T_T""]",208,SMS_M_J-hope_05_02_01,160,SMS_M_J-hope_05_03_01,112,SMS_M_J-hope_05_04_01,From the beginning.,;The part where you were saying Fighting!' to yourself.,"Psh, I heard nothing!"
11030705-6,J-Hope,"[""Manager!"",""{Shall we walk and view the neighborhood? It looks amazing, the weather's really nice, and walking is great for your health!""]",104,SMS_M_J-hope_55_02_01,80,SMS_M_J-hope_55_03_01,56,SMS_M_J-hope_55_04_01,Okay sure!,!Right now? Even though it's dark?,Neighborhood?
11030705-17,J-Hope,"[""Manager!"",""Can you... send it to me?""]",80,SMS_M_J-hope_55_05_01,104,SMS_M_J-hope_55_06_01,56,SMS_M_J-hope_55_07_01,Of course I can!,No!,I deleted it
11040104-2,RM,"[""Hello. This is Kim Namjun.""]",56,SMS_M_RM_01_02_01,104,SMS_M_RM_01_03_01,80,SMS_M_RM_01_04_01,How'd you get my number?,Are you really Kim Namjun?,This isn't a dream... Right?
11040104-9,RM,"[""Hello. This is Kim Namjun."",""KThe employee person told me I should text and call this number from now on.""]",104,SMS_M_RM_01_05_01,80,SMS_M_RM_01_06_01,56,SMS_M_RM_01_07_01,",I guess I am their replacement, after all...",$Are you sure this isn't a mistake?,&Does that mean I can keep texting you?
11040217-5,RM,"[""Manager... Are you sleeping?"",""!Taehyung must've felt terrible.""]",56,SMS_M_RM_20_02_01,80,SMS_M_RM_20_03_01,104,SMS_M_RM_20_04_01,He didn't look too happy.,He looked okay?,"6Namjun, you look like you're having a hard time too."
11040217-19,RM,"[""Manager... Are you sleeping?"",""+What can I do to make Taehyung feel better?""]",104,SMS_M_RM_20_05_01,80,SMS_M_RM_20_06_01,56,SMS_M_RM_20_07_01,How about a sincere apology?,Buy him a burger combo?,AInclude glass mentality <color=#42b7fe>boy</color> in the lyrics.
11050119-3,Jimin,"[""Jimin, is your knee okay?"",""8I put on the band-aid you gave me Manager Thank you hehe""]",56,SMS_M_Jimin_10_02_01,80,SMS_M_Jimin_10_03_01,104,SMS_M_Jimin_10_04_01,Be careful next time.,!Let's go to the emergency room!,Stop getting hurt...
11050119-16,Jimin,"[""Jimin, is your knee okay?"",""=Let me know if there's anything I can do for you in return!""]",104,SMS_M_Jimin_10_05_01,80,SMS_M_Jimin_10_06_01,0,0,Nah... It's okay!,"Oooh, really?",
11060519-9,V,"[""T_T"",""T____________T""]",160,SMS_M_V_44_02_01,208,SMS_M_V_44_03_01,112,SMS_M_V_44_04_01,What were you doing?,You can do it next time,The bus is long gone
11060713-5,V,"[""Is your coughcough okay?"",""You kept coughing, coughcough""]",80,SMS_M_V_62_02_01,56,SMS_M_V_62_03_01,104,SMS_M_V_62_04_01,Oh no you found me out,I'm not sick!,C...ough COUGH
11060713-40,V,"[""Is your coughcough okay?"",""""]",104,SMS_M_V_62_05_01,80,SMS_M_V_62_06_01,56,SMS_M_V_62_07_01,Medicine?,Snacks?,Money?
11070305-5,Jungkook,"[""Manager."",""It was fun hehe""]",80,SMS_M_Jungkook_23_02_01,56,SMS_M_Jungkook_23_03_01,104,SMS_M_Jungkook_23_04_01,%Are you sure you weren't surprised?,"Psh, you did fall for it!",I'm happy that you had fun!
11070305-12,Jungkook,"[""Manager."",""8I was able to shake it off thanks to you and the hyungs.""]",104,SMS_M_Jungkook_23_05_01,80,SMS_M_Jungkook_23_06_01,56,SMS_M_Jungkook_23_07_01,Why are you sorry?,So is it time to go record?,The hyungs or me?
11070611-10,Jungkook,"[""Jeongguk"",""That's shocking.""]",104,SMS_M_Jungkook_48_02_01,80,SMS_M_Jungkook_48_03_01,0,0,You've grown!,You're becoming an adult!,
11070611-22,Jungkook,"[""Jeongguk"","")Do you really want me to grow up so fast?""]",104,SMS_M_Jungkook_48_05_01,80,SMS_M_Jungkook_48_06_01,0,0,No.....,Yes!!!!!,
11070712-5,Jungkook,"[""Manager"",""I know why!""]",104,SMS_M_Jungkook_60_02_01,80,SMS_M_Jungkook_60_03_01,0,0,&It's because of the year-end show huh?,You napped a lot earlier!,
11070712-15,Jungkook,"[""Manager"",""1When you and Seok Jin hyung were talking, Manager""]",104,SMS_M_Jungkook_60_05_01,80,SMS_M_Jungkook_60_06_01,0,0,&How come you pretended to be sleeping?,Were you eavesdropping?,
31015001-5,Jin,"[""Manager, how are you"",""<I'm always chivalrous. Let me blow you a kiss to remind you.""]",104,SMS_5S_Jin_01_02_01,56,SMS_5S_Jin_01_03_01,80,SMS_5S_Jin_01_04_01,What is this?,Did you do something wrong?,"I mean, yes, I am."
31015001-21,Jin,"[""Manager, how are you"",""\""Answer me when is my birthday? ^_^""]",80,SMS_5S_Jin_01_05_01,80,SMS_5S_Jin_01_06_01,104,SMS_5S_Jin_01_07_01,September 1st,October 13th,December 4th
31015002-6,Jin,"[""Manager hey Manager"",""""]",80,SMS_5S_Jin_03_02_01,104,SMS_5S_Jin_03_03_01,56,SMS_5S_Jin_03_04_01,What's this?,So handsome.,I'm dizzy.
31015002-15,Jin,"[""Manager hey Manager"",""This is soooo fun""]",80,SMS_5S_Jin_03_05_01,104,SMS_5S_Jin_03_06_01,0,0,This is no jams.,I agree.,
31015003-7,Jin,"[""Brrrrrr..."",""!I'm at the ski resort right now""]",80,SMS_5S_Jin_05_02_01,104,SMS_5S_Jin_05_03_01,0,0,Lucky duck.,You know how to ski?,
31015003-14,Jin,"[""Brrrrrr..."",""Manager, do you know how to ski?""]",104,SMS_5S_Jin_05_05_01,80,SMS_5S_Jin_05_06_01,56,SMS_5S_Jin_05_07_01,I'm pretty good!,"No, I don't...",Skiing's ehh...
31015004-6,Jin,"[""Seok Jin"",""4I can't believe you're only texting me now cough""]",80,SMS_5S_Jin_07_02_01,56,SMS_5S_Jin_07_03_01,104,SMS_5S_Jin_07_04_01,Sorry...,Are you exaggerating?,Is it really that bad?
31015004-20,Jin,"[""Seok Jin"",""-Yep thanks to them I've been in bed all day""]",56,SMS_5S_Jin_07_05_01,104,SMS_5S_Jin_07_06_01,80,SMS_5S_Jin_07_07_01,You didn't practice at all?,Now I want that blanket.,You look too healthy!
31015006-3,Jin,"[""Manager"",""*What's your cellphone wallpaper right now?""]",104,SMS_5S_Jin_11_02_01,80,SMS_5S_Jin_11_03_01,56,SMS_5S_Jin_11_04_01,A picture of BTS,A photo of me,The default wallpaper
31015006-15,Jin,"[""Manager"",""Okay feel free to use those""]",104,SMS_5S_Jin_11_05_01,80,SMS_5S_Jin_11_06_01,56,SMS_5S_Jin_11_07_01,This feels like a trap?,Amazing!!,It's so pretty
31015007-13,Jin,"[""When'd you leave?"",""5So I'm worried that you might have seen them ^^;;;;""]",56,SMS_5S_Jin_13_02_01,80,SMS_5S_Jin_13_03_01,104,SMS_5S_Jin_13_04_01,You were pretty calm.,You were singing.,You were calling my name!
31015007-28,Jin,"[""When'd you leave?"",""OWhen I'm around someone I'm comfortable with, I can fall asleep more easily""]",80,SMS_5S_Jin_13_05_01,56,SMS_5S_Jin_13_06_01,104,SMS_5S_Jin_13_07_01,I'm really glad,I can say the same,I don't like being comfortable
31015008-9,Jin,"[""Sniffff sniff"",""%I'm looking desperately for them...""]",56,SMS_5S_Jin_15_02_01,80,SMS_5S_Jin_15_03_01,104,SMS_5S_Jin_15_04_01,(I think I saw them in the practice room!,'I think I saw them in the Bangtan room!,I think they were in the car!
31015008-29,Jin,"[""Sniffff sniff"",""Well, enjoy them haha""]",104,SMS_5S_Jin_15_05_01,80,SMS_5S_Jin_15_06_01,56,SMS_5S_Jin_15_07_01,I'll try to adjust to the pain,No it's okay,Couple shoes?
31015009-4,Jin,"[""Kim Seok Jin asks:"",""Please choose""]",104,SMS_5S_Jin_17_02_01,80,SMS_5S_Jin_17_03_01,0,0,6<color=#42b7fe>Yes</color>!! I am good at keeping them,8<color=#42b7fe>No</color>!! I can't keep my mouth shut,
31015009-24,Jin,"[""Kim Seok Jin asks:"",""%Hahaha I was expecting something else""]",104,SMS_5S_Jin_17_05_01,56,SMS_5S_Jin_17_06_01,80,SMS_5S_Jin_17_07_01,Alright go tell him,Well just act clueless,Buy the same ones
31015010-3,Jin,"[""[The Benefits of Bananas]"",""1. Rich in Potassium and good for high blood pressure 2. Stimulates production of Serotonin, making it good for depression 3. Rich in fiber, good for the digestive system""]",80,SMS_5S_Jin_09_02_01,104,SMS_5S_Jin_09_03_01,56,SMS_5S_Jin_09_04_01,?????,Thanks for letting me know...,You want me to buy you bananas?
31015010-19,Jin,"[""[The Benefits of Bananas]"",""-Mistakes like this make me more human you see""]",80,SMS_5S_Jin_09_05_01,104,SMS_5S_Jin_09_06_01,56,SMS_5S_Jin_09_07_01,Return them!,Time to buckle down and eat them,$When are we going to eat them all...
31015011-20,Jin,"[""Manager"",""XSoooo since it's summer and hot outside, I'll turn on cold handsome guy mode for you""]",160,SMS_5S_Jin_19_02_01,208,SMS_5S_Jin_19_03_01,112,SMS_5S_Jin_19_04_01,",How about handsome with a great personality?",I feel colder already,Hahaha what the...?
31015013-2,Jin,"[""O[BT Express] Your package (Tracking no. 20130613710) is out for delivery today.""]",160,SMS_5S_Jin_21_02_01,208,SMS_5S_Jin_21_03_01,112,0,I'm blocking this spam,Arrival window?,
31025001-8,Suga,"[""O Master Sage Min Yunki"",""lol""]",80,SMS_5S_Suga_01_02_01,104,SMS_5S_Suga_01_03_01,56,SMS_5S_Suga_01_04_01,What are you even bad at?,So shameless!,Not that amazing...
31025001-19,Suga,"[""O Master Sage Min Yunki"",""Stuff like that?""]",56,SMS_5S_Suga_01_05_01,80,SMS_5S_Suga_01_06_01,104,SMS_5S_Suga_01_07_01,That's all nonsense.,Sounds plausible?,"&Try guessing what I'm thinking, too!"
31025002-9,Suga,"[""'Sleep in on a clear, fine dust-free day"",""So I don't forget""]",56,SMS_5S_Suga_03_02_01,104,SMS_5S_Suga_03_03_01,80,SMS_5S_Suga_03_04_01,%Why are you writing that out here...?,I see... Okay.,2Okay! I'll make sure to remember and remind you!
31025002-23,Suga,"[""'Sleep in on a clear, fine dust-free day"",""Hmm am I thinking too small?""]",56,SMS_5S_Suga_03_05_01,104,SMS_5S_Suga_03_06_01,80,SMS_5S_Suga_03_07_01,You're thinking a little small.,Not at all!,"""I hope these make you feel better."
31025003-8,Suga,"[""Why'd you do that to me"","",and all we needed to do was simple movements""]",80,SMS_5S_Suga_05_02_01,104,SMS_5S_Suga_05_03_01,56,SMS_5S_Suga_05_04_01,I'm so sorry...,You fell perfectly into my trap.,That was completely my fault.
31025003-20,Suga,"[""Why'd you do that to me"",""""]",56,SMS_5S_Suga_05_05_01,104,SMS_5S_Suga_05_06_01,80,SMS_5S_Suga_05_07_01,Isn't that a wet wipe?,"Don't cry, just get stronger.","""Somehow that just hurts me more..."
31025004-6,Suga,"[""'I've received some new information..."",""Says who?""]",56,SMS_5S_Suga_07_02_01,80,SMS_5S_Suga_07_03_01,104,SMS_5S_Suga_07_04_01,I can't tell you.,It was...,Says me!
31025004-16,Suga,"[""'I've received some new information..."",""%That was me enjoying my food shupshup""]",80,SMS_5S_Suga_07_05_01,104,SMS_5S_Suga_07_06_01,0,0,That's good to hear...,I'm still worried...,
31025006-8,Suga,"[""Yunki are you busy?"",""And guess what he said""]",80,SMS_5S_Suga_11_02_01,104,SMS_5S_Suga_11_03_01,56,SMS_5S_Suga_11_04_01,Did he ask you to make him food?,!Did he ask to sleep in your room?,&Did he ask you to go out and have fun?
31025006-24,Suga,"[""Yunki are you busy?"",""SI'm good working with my hands since I don't talk much, so... I'm needed everywhere""]",80,SMS_5S_Suga_11_05_01,56,SMS_5S_Suga_11_06_01,104,SMS_5S_Suga_11_07_01,You don't talk... much?,That's what makes you so cool,"""Those are some very precious hands"
31025007-8,Suga,"[""Charging complete"",""About 22 hours""]",80,SMS_5S_Suga_09_02_01,56,SMS_5S_Suga_09_03_01,104,SMS_5S_Suga_09_04_01,A m a z i n g...,How's your fatigue?,Glad to hear you slept so well!
31025007-22,Suga,"[""Charging complete"",""&What the were you expecting something?""]",104,SMS_5S_Suga_09_05_01,56,SMS_5S_Suga_09_06_01,80,SMS_5S_Suga_09_07_01,I wasn't expecting anything.,I'm slightly disappointed.,"Yeah, I was!"
31025008-10,Suga,"[""You, Manager"",""?I'm asking just in case but you don't happen to know it do you?""]",104,SMS_5S_Suga_13_02_01,56,SMS_5S_Suga_13_03_01,80,SMS_5S_Suga_13_04_01,I do!,I don't know,Should I tell you
31025008-18,Suga,"[""You, Manager"",""Okay I will""]",56,SMS_5S_Suga_13_05_01,80,SMS_5S_Suga_13_06_01,104,SMS_5S_Suga_13_07_01,1234,2012,309
31025009-4,Suga,"[""I heard you're coming over"",""When you're on your way...""]",104,SMS_5S_Suga_15_02_01,80,SMS_5S_Suga_15_03_01,56,SMS_5S_Suga_15_04_01,Should I pick up a coffee?,Should I pick up some ice cream?,"""Should I pick up spicy rice cakes?"
31025009-12,Suga,"[""I heard you're coming over"",""You know my usual order right?""]",104,SMS_5S_Suga_15_05_01,80,SMS_5S_Suga_15_06_01,56,SMS_5S_Suga_15_07_01,Americano,Caff latte,Hovenia dulcis tea
31025010-9,Suga,"[""3You know earlier, when you were with Seok Jin hyung"",""Nah never mind it's okay""]",80,SMS_5S_Suga_17_02_01,104,SMS_5S_Suga_17_03_01,0,0,What is it?,Oh! I think I know,
31025010-20,Suga,"[""3You know earlier, when you were with Seok Jin hyung"",""So...""]",104,SMS_5S_Suga_17_05_01,56,SMS_5S_Suga_17_06_01,80,SMS_5S_Suga_17_07_01,Did you take a selfie?,'Did you practice rapping in the mirror?,Did you dance?
31025011-7,Suga,"[""[Summer Holiday Request]"",""Authorize it please, Manager""]",160,SMS_5S_Suga_19_02_01,112,SMS_5S_Suga_19_03_01,208,SMS_5S_Suga_19_04_01,Yes,No,!How'd you learn to format this?
31025013-17,Suga,"["",Do you happen to know the origin of Chuseok?"",""and rest up""]",208,SMS_5S_Suga_21_02_01,160,SMS_5S_Suga_21_03_01,112,SMS_5S_Suga_21_04_01,It was leisurely...,I worked...,What's a holiday break?
31035001-8,J-Hope,"[""Manager!"",""ODon't despair! Hoseoki's umbrella delivery service is on its way! Zoom zoom""]",80,SMS_5S_J-hope_01_02_01,104,SMS_5S_J-hope_01_03_01,0,0,"No, it's okay...",I'd appreciate that!,
31035001-17,J-Hope,"[""Manager!"",""6Okay? Ah you haven't caught a cold already have you?""]",56,SMS_5S_J-hope_01_05_01,104,SMS_5S_J-hope_01_06_01,80,SMS_5S_J-hope_01_07_01,I think I've caught a cold.,I'm strong!,%They say dummies don't catch colds!
31035002-7,J-Hope,"[""Manager hey Manager"","">How are we supposed to eat meat this early in the morning?????""]",104,SMS_5S_J-hope_03_02_01,56,SMS_5S_J-hope_03_03_01,80,SMS_5S_J-hope_03_04_01,"-Meat belongs in breakfast, lunch, and dinner!",Everyone else wants to eat it.,You don't like meat?
31035002-12,J-Hope,"[""Manager hey Manager"",""1You're not buying only meat right now, are you?""]",104,SMS_5S_J-hope_03_05_01,56,SMS_5S_J-hope_03_06_01,80,SMS_5S_J-hope_03_07_01,I'm only buying meat.,"I got dessert, too, obviously!","I bought veggies, too!"
31035003-5,J-Hope,"[""Dance practice again today?"",""Why did something come up?""]",104,SMS_5S_J-hope_05_02_01,56,SMS_5S_J-hope_05_03_01,80,SMS_5S_J-hope_05_04_01,I just wanted to see you.,I got worried.,Let's go eat!
31035003-14,J-Hope,"[""Dance practice again today?"",""+I can't fall asleep if I don't wash up!""]",56,SMS_5S_J-hope_05_05_01,104,SMS_5S_J-hope_05_06_01,80,SMS_5S_J-hope_05_07_01,'Why are you so serious all of a sudden?,"I know, I know!","Haha, don't lie!"
31035004-8,J-Hope,"[""9Hoseok are you feeling any better?? I heard you're sick"",""NNo energy... I look out the window a lot and I don't have an appetite either""]",104,SMS_5S_J-hope_07_02_01,80,SMS_5S_J-hope_07_03_01,56,SMS_5S_J-hope_07_04_01,Maybe you're homesick?,Maybe you're lovesick?,)Maybe you've bottled up too much anger?
31035004-21,J-Hope,"[""9Hoseok are you feeling any better?? I heard you're sick"",""$What am I supposed to do about this?""]",80,SMS_5S_J-hope_07_05_01,104,SMS_5S_J-hope_07_06_01,0,0,Go visit your hometown.,*We could all go to your hometown together?,
31035006-5,J-Hope,"[""%Manager! Manager!! Manaaaaaageeeeer!!"",""\""Think about your answer carefully!""]",80,SMS_5S_J-hope_09_02_01,56,SMS_5S_J-hope_09_03_01,104,SMS_5S_J-hope_09_04_01,My cellphone!,$Why would I be on a deserted island?,Necessities!
31035006-13,J-Hope,"[""%Manager! Manager!! Manaaaaaageeeeer!!"",""-I was hoping you'd say my name, actually...""]",104,SMS_5S_J-hope_09_05_01,80,SMS_5S_J-hope_09_06_01,56,SMS_5S_J-hope_09_07_01,"!Of course I'd take you, Hoseok!",You were hoping for that?,"Hoseok, you're a bit..."
31035007-3,J-Hope,"[""5It looks like you're not sleeping very well lately..."",""are you okay?""]",80,SMS_5S_J-hope_11_02_01,56,SMS_5S_J-hope_11_03_01,104,SMS_5S_J-hope_11_04_01,I'm okay,Nope I'm not okay,How'd you know?
31035007-15,J-Hope,"[""5It looks like you're not sleeping very well lately..."",""?how is it? listening to this should help you fall asleep right?""]",104,SMS_5S_J-hope_11_05_01,56,SMS_5S_J-hope_11_06_01,80,SMS_5S_J-hope_11_07_01,I think it will,Nope it's not helping,Will I be able to fall asleep?
31035008-5,J-Hope,"[""&Flowers live together in the flowerbed"","".Manager, what is your favorite kind of flower?""]",104,SMS_5S_J-hope_13_02_01,80,SMS_5S_J-hope_13_03_01,56,SMS_5S_J-hope_13_04_01,The Hobi flower!,All flowers!,I don't like flowers
31035008-14,J-Hope,"[""&Flowers live together in the flowerbed"",""Loool where are you right now?""]",80,SMS_5S_J-hope_13_05_01,56,SMS_5S_J-hope_13_06_01,104,SMS_5S_J-hope_13_07_01,"In your heart, Hoseok!",Right behind you!,Guess!
31035009-5,J-Hope,"[""I'm thinking about stuff lately"",""\""A complete 180! What do you think?""]",80,SMS_5S_J-hope_15_02_01,104,SMS_5S_J-hope_15_03_01,56,SMS_5S_J-hope_15_04_01,You're already good enough!,Great idea!,You're worrying over nothing.
31035009-10,J-Hope,"[""I'm thinking about stuff lately"",""\""Wait I just thought of a good idea""]",104,SMS_5S_J-hope_15_05_01,80,SMS_5S_J-hope_15_06_01,56,SMS_5S_J-hope_15_07_01,You should try singing,You should try acting,You should try MCing
31035010-5,J-Hope,"[""I'm at the dentist right now"",""Time isn't passing fast enough""]",104,SMS_5S_J-hope_17_02_01,80,SMS_5S_J-hope_17_03_01,56,SMS_5S_J-hope_17_04_01,I should have gone with you,Take deep breaths,Endure it
31035010-16,J-Hope,"[""I'm at the dentist right now"",""-Do you think it's going to be really painful?""]",104,SMS_5S_J-hope_17_05_01,56,SMS_5S_J-hope_17_06_01,80,SMS_5S_J-hope_17_07_01,It doesn't hurt that much,It hurts a lot,I'm not really sure
31035011-14,J-Hope,"[""Manager it's super hot hot hot"",""=Manager do you have any tips on kicking the heat to the curb?""]",160,SMS_5S_J-hope_19_02_01,208,SMS_5S_J-hope_19_03_01,112,SMS_5S_J-hope_19_04_01,A cold shower!,Fight fire with fire!,There are no tips
31035013-24,J-Hope,"[""Happy Chuseok, happy Chuseok!"",""?What should I do so other people will say I had a good holiday?""]",160,SMS_5S_J-hope_21_02_01,112,SMS_5S_J-hope_21_03_01,208,SMS_5S_J-hope_21_04_01,How about shopping?,Meet up with friends!,#How about doing some deep cleaning?
31045001-7,RM,"[""When you read this message"",""How is it?""]",80,SMS_5S_RM_01_02_01,80,SMS_5S_RM_01_03_01,80,SMS_5S_RM_01_04_01,It's pretty cloudy.,It's so clear!,It's just dark.
31045001-14,RM,"[""When you read this message"",""Look back up at the sky, hurry!""]",104,SMS_5S_RM_01_05_01,56,SMS_5S_RM_01_06_01,80,SMS_5S_RM_01_07_01,Why are you doing this?,"Okay, I'll look.",Are you watching me?
31045002-8,RM,"[""Manager?"",""3I think this is insanely unfair T____T Crycry T___T""]",56,SMS_5S_RM_03_02_01,104,SMS_5S_RM_03_03_01,80,SMS_5S_RM_03_04_01,It wasn't you?,"'Of course it couldn't be you, Namjun!",It was me.
31045002-16,RM,"[""Manager?"",""\\What would be the best way? Hm... Should I set a trap? Or interrogate suspects one by one?""]",80,SMS_5S_RM_03_05_01,56,SMS_5S_RM_03_06_01,104,SMS_5S_RM_03_07_01,"""You're like a detective, Namjun.",Do you really have to do that?,Anything I can help with?
31045003-9,RM,"[""Manager, I'm bored"",""\""Hm... Do you like sports, Manager?""]",80,SMS_5S_RM_05_02_01,56,SMS_5S_RM_05_03_01,104,SMS_5S_RM_05_04_01,Totally!,"No, I don't.",I just like watching them.
31045003-20,RM,"[""Manager, I'm bored"",""What do you think it is? Hehe""]",56,SMS_5S_RM_05_05_01,104,SMS_5S_RM_05_06_01,80,SMS_5S_RM_05_07_01,Swimming.,Ice skating.,Horseback riding.
31045004-7,RM,"[""BI have something to show you, I'll send it on the count of three"",""Two and three quarters...""]",56,SMS_5S_RM_07_02_01,104,SMS_5S_RM_07_03_01,80,SMS_5S_RM_07_04_01,"""If this turns out to be nothing...",*What the I don't want to see it anymore?,Three! Three! Three!!!!
31045004-18,RM,"[""BI have something to show you, I'll send it on the count of three"",""zI've redecorated the inside so it's beyond amazing. New figures, new gear, and I even hung an art piece I really like!""]",104,SMS_5S_RM_07_05_01,56,SMS_5S_RM_07_06_01,80,SMS_5S_RM_07_07_01,You're not going to invite me?,%Did you win the lottery or something?,Send me a picture!
31045006-4,RM,"[""\""Have you heard this saying before?"",""\\The real voyage of discovery consists not of seeking new landscapes, but of having new eyes.""]",80,SMS_5S_RM_11_02_01,56,SMS_5S_RM_11_03_01,104,SMS_5S_RM_11_04_01,What a great saying,What?,Is that a Namjun original?
31045006-24,RM,"[""\""Have you heard this saying before?"",""Wearing my favorite clothes!""]",80,SMS_5S_RM_11_05_01,56,SMS_5S_RM_11_06_01,104,SMS_5S_RM_11_07_01,Go for it,Don't go,Take me with you
31045007-9,RM,"[""It's a sleepless night"",""Do you have any suggestions?""]",80,SMS_5S_RM_13_02_01,104,SMS_5S_RM_13_03_01,56,SMS_5S_RM_13_04_01,Try counting sheep,Read a book,Try warm milk
31045007-26,RM,"[""It's a sleepless night"",""%There's a song I haven't finished yet""]",80,SMS_5S_RM_13_05_01,56,SMS_5S_RM_13_06_01,104,SMS_5S_RM_13_07_01,Which song is it?,No you have to go to bed,Can I come hang out?
31045008-8,RM,"[""Careful, be careful!"",""Don't go out!""]",80,SMS_5S_RM_15_02_01,56,SMS_5S_RM_15_03_01,104,SMS_5S_RM_15_04_01,Thanks!,+You're trying to get out of practicing huh?,&I'll claw through the fine dust to you
31045008-26,RM,"[""Careful, be careful!"",""It looks exactly like this one""]",80,SMS_5S_RM_15_05_01,104,SMS_5S_RM_15_06_01,0,0,Is it right to accept this?,Thanks I'll use it well!,
31045009-7,RM,"[""Ha... Manager"",""*I wanted to see if you could help, Manager""]",104,SMS_5S_RM_17_02_01,80,SMS_5S_RM_17_03_01,56,SMS_5S_RM_17_04_01,Anything! Ask away!,It's not a math problem right?,"""I can't even solve my own problems"
31045009-19,RM,"[""Ha... Manager"",""What should I focus on?""]",56,SMS_5S_RM_17_05_01,80,SMS_5S_RM_17_06_01,104,SMS_5S_RM_17_07_01,Singing skills?,Humor?,Cuteness?
31045010-6,RM,"[""[I'm on the bus back to the dorms and a bunch of middle school students in uniforms got on"",""NI feel a bit sentimental when I remember poring over my notebook and workbooks""]",80,SMS_5S_RM_09_02_01,104,SMS_5S_RM_09_03_01,56,SMS_5S_RM_09_04_01,You want to go back?,".I wonder what you were like back then, Namjun.",It's not too late!
31045010-15,RM,"[""[I'm on the bus back to the dorms and a bunch of middle school students in uniforms got on"",""VMy goal in life is to have my music flow from the earphones those students are wearing""]",56,SMS_5S_RM_09_05_01,104,SMS_5S_RM_09_06_01,80,SMS_5S_RM_09_07_01,You sound so cool!,*Isn't that what's currently happening?,That's too modest of a goal!
31045011-12,RM,"[""Sometimes I think"",""&Whoa! Yeah! Have you seen it anywhere?""]",112,SMS_5S_RM_19_02_01,208,SMS_5S_RM_19_03_01,160,SMS_5S_RM_19_04_01,I saw it in the car!,Jeongguk has it.,It's right here.
31045013-11,RM,"[""L[Newsflash] \""BTS Kim Namjun's Birthday Said to Overlap with Chuseok Holiday\"""",""exclusives I managed to get?""]",160,SMS_5S_RM_21_02_01,112,SMS_5S_RM_21_03_01,208,SMS_5S_RM_21_04_01,I did,"Correction, please",Is that all?
31055001-6,Jimin,"[""Jimin! Are you busy?"",""-Ah really? Who is it? I think I can help you!""]",80,SMS_5S_Jimin_01_02_01,80,SMS_5S_Jimin_01_03_01,80,SMS_5S_Jimin_01_04_01,Yunki,Hoseok,Seok Jin
31055001-21,Jimin,"[""Jimin! Are you busy?"",""Spot-on, right?""]",56,SMS_5S_Jimin_01_05_01,104,SMS_5S_Jimin_01_06_01,80,SMS_5S_Jimin_01_07_01,Nope.,Bingo!,What do you know!
31055002-9,Jimin,"[""Ding! You've got mail!"",""Loooooooool""]",104,SMS_5S_Jimin_03_02_01,56,SMS_5S_Jimin_03_03_01,80,SMS_5S_Jimin_03_04_01,That's a cute letter.,"I'm sorry, dumplings!",I'll be right there!
31055002-19,Jimin,"[""Ding! You've got mail!"",""Did I do well? hehe""]",104,SMS_5S_Jimin_03_05_01,56,SMS_5S_Jimin_03_06_01,80,SMS_5S_Jimin_03_07_01,"Yes, good job!",Eat them if you want to.,0I'll start up a kimchi dumpling place for you.
31055003-4,Jimin,"[""Jimin did you eat yet?"",""*I'm having corn instead of a meal today!""]",56,SMS_5S_Jimin_05_02_01,104,SMS_5S_Jimin_05_03_01,80,SMS_5S_Jimin_05_04_01,You should eat a proper meal!,Do you like corn?,"I want some, too!"
31055003-14,Jimin,"[""Jimin did you eat yet?"",""You're right T_T""]",56,SMS_5S_Jimin_05_05_01,104,SMS_5S_Jimin_05_06_01,80,SMS_5S_Jimin_05_07_01,$You're going to get indigestion...,You're so busy.,You're so cool!
31055004-7,Jimin,"[""Manager did you text me?"",""\""That's okay with you right? hehe""]",80,SMS_5S_Jimin_07_02_01,80,SMS_5S_Jimin_07_03_01,104,SMS_5S_Jimin_07_04_01,A comedy.,A love story.,A martial arts movie.
31055004-16,Jimin,"[""Manager did you text me?"",""AAlthough anything is fine with me if you want to watch it Manager""]",56,SMS_5S_Jimin_07_05_01,80,SMS_5S_Jimin_07_06_01,104,SMS_5S_Jimin_07_07_01,Even scary movies?,Why are you so kind?,"Me, too!"
31055006-4,Jimin,"[""Woooow"",""The sky was really pretty""]",56,SMS_5S_Jimin_11_02_01,104,SMS_5S_Jimin_11_03_01,80,SMS_5S_Jimin_11_04_01,No I didn't T_T,Yep I did!,I don't really remember...
31055006-21,Jimin,"[""Woooow"",""Nothing's wrong right?""]",104,SMS_5S_Jimin_11_05_01,80,SMS_5S_Jimin_11_06_01,56,SMS_5S_Jimin_11_07_01,How'd you know?,Nothing's really wrong...,I'm usually expressionless...
31055007-8,Jimin,"[""When you can't fall asleep"",""but I still can't fall asleep...""]",80,SMS_5S_Jimin_13_02_01,104,SMS_5S_Jimin_13_03_01,56,SMS_5S_Jimin_13_04_01,Try counting sheep!,Try a bath!,I'll sing you a lullaby!
31055007-21,Jimin,"[""When you can't fall asleep"",""Loooooool""]",80,SMS_5S_Jimin_13_05_01,56,SMS_5S_Jimin_13_06_01,104,SMS_5S_Jimin_13_07_01,I'll try to think of more ways!,!But sleep is extremely important!,Text me when you can't sleep
31055008-3,Jimin,"[""My nauseousness from earlier"",""Is mostly gone now T_T""]",104,SMS_5S_Jimin_15_02_01,80,SMS_5S_Jimin_15_03_01,0,0,I'm glad...,Why did you text so late...,
31055008-16,Jimin,"[""My nauseousness from earlier"",""7I thought, I'm a person surrounded by happiness heh T_T""]",104,SMS_5S_Jimin_15_05_01,80,SMS_5S_Jimin_15_06_01,56,SMS_5S_Jimin_15_07_01,You would've done the same!,%I wanted to switch seats with you too,I was so moved
31055009-10,Jimin,"[""Maaanager"","")But guess what kind of certificate it was""]",104,SMS_5S_Jimin_17_02_01,56,SMS_5S_Jimin_17_03_01,80,SMS_5S_Jimin_17_04_01,Credentials for being an angel,A dance certificate,&A manggae rice cake-making certificate
31055009-24,Jimin,"[""Maaanager"",""4Hehe I guess you agree with the certificate Manager!""]",56,SMS_5S_Jimin_17_05_01,80,SMS_5S_Jimin_17_06_01,104,SMS_5S_Jimin_17_07_01,'I wanna give you a piggy back ride too!,Give me a piggy back ride,#Whose back is the most comfortable?
31055010-3,Jimin,"[""#I bought a disposable camera! Ta-da"","":I'm going to take tons and tons of pretty photos with it""]",104,SMS_5S_Jimin_09_02_01,56,SMS_5S_Jimin_09_03_01,80,SMS_5S_Jimin_09_04_01,#Are you going to take photos of me?,You can use your phone for that.,(I bet you'll take tons of nice photos!
31055010-17,Jimin,"[""#I bought a disposable camera! Ta-da"",""That's what I have so far >_<""]",80,SMS_5S_Jimin_09_05_01,56,SMS_5S_Jimin_09_06_01,104,SMS_5S_Jimin_09_07_01,8It's really cute how you're so focused on Bangtan...,$That's all you're going to take?,-Let's make a photobook with those pictures!
31055011-15,Jimin,"[""It's hoooot"",""%Do you know of a way to prevent that?""]",160,SMS_5S_Jimin_19_02_01,208,SMS_5S_Jimin_19_03_01,112,SMS_5S_Jimin_19_04_01,!Try imagining some breezy scenery,Think about ice cream,Turn on the AC
31055013-7,Jimin,"[""Jimin... are you okay?"",""+Hmm why do I keep getting this tint though?""]",208,SMS_5S_Jimin_21_02_01,112,SMS_5S_Jimin_21_03_01,160,SMS_5S_Jimin_21_04_01,Because it's cute,$Because you were watching food cook?,Does it make you self-conscious?
31065001-6,V,"[""Hallo"",""???""]",80,SMS_5S_V_01_02_01,104,SMS_5S_V_01_03_01,56,SMS_5S_V_01_04_01,Why are you talking like that?,"Okay, Taehyung!",So now you're a counselor?
31065001-15,V,"[""Hallo"",""""]",80,SMS_5S_V_01_05_01,56,SMS_5S_V_01_06_01,104,SMS_5S_V_01_07_01,Romantic worries.,Financial worries.,Nothing.
31065002-9,V,"[""!I got in trouble with Yunki hyung"",""Looooooooooool""]",56,SMS_5S_V_03_02_01,80,SMS_5S_V_03_03_01,104,SMS_5S_V_03_04_01,(I can understand why you got in trouble!,What's wrong with using it?,That was Yunki's scent?
31065002-20,V,"[""!I got in trouble with Yunki hyung"",""#What kind of scent would suit me???""]",104,SMS_5S_V_03_05_01,56,SMS_5S_V_03_06_01,80,SMS_5S_V_03_07_01,"A sweet, fruity scent.","A dignified, musky scent.","#You don't need cologne, Taehyung!"
31065003-8,V,"[""Onions are no tasty"",""EI was forced to eat them cause I made a bet with Jeongguk and lost...""]",104,SMS_5S_V_05_02_01,80,SMS_5S_V_05_03_01,56,SMS_5S_V_05_04_01,",Don't eat them if they don't taste good.",But you have to eat them...,I can eat them for you.
31065003-20,V,"[""Onions are no tasty"",""How do you do that?""]",56,SMS_5S_V_05_05_01,80,SMS_5S_V_05_06_01,104,SMS_5S_V_05_07_01,Try eating vegetarian for a bit?,I'll go hire a nutritionist.,Will and effort is important!
31065004-9,V,"[""4I think late nights are calming but also very lonely"",""Do you agree Manager?""]",104,SMS_5S_V_07_02_01,80,SMS_5S_V_07_03_01,0,0,"""Yeah, it's the same for me, too.",I wouldn't know...,
31065004-16,V,"[""4I think late nights are calming but also very lonely"",""7But... What can I do to make this loneliness disappear?""]",80,SMS_5S_V_07_05_01,80,SMS_5S_V_07_06_01,80,SMS_5S_V_07_07_01,Try writing a song.,Wake the other members up!,"""Try going for a late night walk..."
31065006-6,V,"[""Hi? Nice to meet you"",""Do you have time?""]",80,SMS_5S_V_11_02_01,56,SMS_5S_V_11_03_01,104,SMS_5S_V_11_04_01,Yes I do!,No interviews please!,I'm a fan of yours Reporter Tae!
31065006-24,V,"[""Hi? Nice to meet you"",""ZIf you would like to read Taetae Magazine again please press 1 if you don't please press 2""]",104,SMS_5S_V_11_05_01,56,SMS_5S_V_11_06_01,80,SMS_5S_V_11_07_01,Number 1,Number 2,Number 3
31065007-14,V,"[""I've decided"",""I'm sleepy... T_T sniff""]",104,SMS_5S_V_13_02_01,80,SMS_5S_V_13_03_01,56,SMS_5S_V_13_04_01,Try drinking coffee,Try exercising,Just go to bed if you're sleepy
31065007-27,V,"[""I've decided"",""7Now you're the only one that needs to go to bed Manager""]",104,SMS_5S_V_13_05_01,56,SMS_5S_V_13_06_01,80,SMS_5S_V_13_07_01,Help me fall asleep,I'm not sleepy though,I'll go to bed
31065008-17,V,"[""When are you coming?"",""What do I do now??""]",80,SMS_5S_V_15_02_01,104,SMS_5S_V_15_03_01,56,SMS_5S_V_15_04_01,Take a walk,Have some ice cream,Come back to the dorm
31065008-24,V,"[""When are you coming?"",""There's so many so cute!""]",56,SMS_5S_V_15_05_01,104,SMS_5S_V_15_06_01,80,SMS_5S_V_15_07_01,Don't go near them,Feed them,You're cuter
31065009-5,V,"[""+I didn't see you all day, where were you?"",""Guess why I was so busy""]",56,SMS_5S_V_09_02_01,80,SMS_5S_V_09_03_01,104,SMS_5S_V_09_04_01,Were you practicing?,Were you playing games?,Were you playing with a dog?
31065009-16,V,"[""+I didn't see you all day, where were you?"",""ZDogs wag their tails to the left when they're sad and to the right when they're happy!""]",80,SMS_5S_V_09_05_01,104,SMS_5S_V_09_06_01,56,SMS_5S_V_09_07_01,"Psh, don't make stuff up!",Really???,I knew that already.
31065010-4,V,"[""Starting today"",""Every day""]",80,SMS_5S_V_17_02_01,56,SMS_5S_V_17_03_01,104,SMS_5S_V_17_04_01,Amazing,All of a sudden?,Let's do it together
31065010-24,V,"[""Starting today"",""What new thing did you do today?""]",104,SMS_5S_V_17_05_01,80,SMS_5S_V_17_06_01,56,SMS_5S_V_17_07_01,Nothing,I did,I'm gonna start
31065011-7,V,"[""Auuugh it's too hot"",""-Do you have a favorite summer fruit Manager??""]",160,SMS_5S_V_19_02_01,112,SMS_5S_V_19_03_01,208,SMS_5S_V_19_04_01,Grapes!,Plums!,Korean melons!
31065013-23,V,"[""There's a big problem"",""Please help me, lucky Manager...""]",112,SMS_5S_V_21_02_01,160,SMS_5S_V_21_03_01,208,SMS_5S_V_21_04_01,Pink songpyeon,Yellow songpyeon,Green songpyeon
31075001-6,Jungkook,"[""Manager"",""I'm not sleeping yet either""]",104,SMS_5S_Jungkook_01_02_01,56,SMS_5S_Jungkook_01_03_01,80,SMS_5S_Jungkook_01_04_01,I can't seem to fall asleep...,"You were gaming, huh?",Good children go to bed early!
31075001-17,Jungkook,"[""Manager"",""4I'm just suddenly wondering if I'm doing well...""]",80,SMS_5S_Jungkook_01_05_01,80,SMS_5S_Jungkook_01_06_01,80,SMS_5S_Jungkook_01_07_01,You're doing well!,*How about you talk it out with the hyungs?,You've grown up.
31075002-5,Jungkook,"[""I have a huge problem"",""This is all because of cleaning""]",80,SMS_5S_Jungkook_03_02_01,56,SMS_5S_Jungkook_03_03_01,104,SMS_5S_Jungkook_03_04_01,Why is it because of cleaning?,",I don't understand what you're saying...",That IS a huge problem!
31075002-13,Jungkook,"[""I have a huge problem"",""""]",104,SMS_5S_Jungkook_03_05_01,80,SMS_5S_Jungkook_03_06_01,56,SMS_5S_Jungkook_03_07_01,&Go sleep in one of the hyung's beds.,)Go sleep on the couch in the living room.,&Organize the stuff on top of your bed.
31075003-11,Jungkook,"[""Today the choreography teacher"",""Thanks for falling for it""]",80,SMS_5S_Jungkook_05_02_01,56,SMS_5S_Jungkook_05_03_01,104,SMS_5S_Jungkook_05_04_01,-_-,Loooool,T_______T
31075003-19,Jungkook,"[""Today the choreography teacher"",""5I'm gonna have to think of even more pranks to play""]",80,SMS_5S_Jungkook_05_05_01,104,SMS_5S_Jungkook_05_06_01,56,SMS_5S_Jungkook_05_07_01,")You like playing pranks that much, huh...",!Let's think of some new tricks!,They're gonna get you back...
31075004-13,Jungkook,"[""Hello"",""I uploaded it by accident""]",80,SMS_5S_Jungkook_07_02_01,104,SMS_5S_Jungkook_07_03_01,56,SMS_5S_Jungkook_07_04_01,You took a selfie?,You're handsome!,"You tried looking cool, huh?"
31075004-26,Jungkook,"[""Hello"",""0The hyungs told me to practice taking selfies...""]",104,SMS_5S_Jungkook_07_05_01,80,SMS_5S_Jungkook_07_06_01,56,SMS_5S_Jungkook_07_07_01,The photo came out really well!,"""It's not as good as real life...",I want to save this photo.
31075006-7,Jungkook,"[""I wanna eat"",""out of hotteok""]",80,SMS_5S_Jungkook_11_02_01,104,SMS_5S_Jungkook_11_03_01,56,SMS_5S_Jungkook_11_04_01,%Hotteok's the best during wintertime!,It's not even winter?,I don't really like hotteok
31075006-27,Jungkook,"[""I wanna eat"",""They were super delicious""]",80,SMS_5S_Jungkook_11_05_01,104,SMS_5S_Jungkook_11_06_01,56,SMS_5S_Jungkook_11_07_01,I'll make some for you,I'll track down the guy for you,Use your Eat Jin favor
31075007-7,Jungkook,"[""Is it true?"",""What am I gonna do with them??""]",56,SMS_5S_Jungkook_13_02_01,104,SMS_5S_Jungkook_13_03_01,80,SMS_5S_Jungkook_13_04_01,Calm down,So cute!,Guys run away!
31075007-20,Jungkook,"[""Is it true?"",""3I'm confident that I can fall asleep quickly hehehe""]",56,SMS_5S_Jungkook_13_05_01,80,SMS_5S_Jungkook_13_06_01,104,SMS_5S_Jungkook_13_07_01,I can't fall asleep that easily,Me too!,!I bet I could wake you up quickly
31075008-9,Jungkook,"[""Jeongguk did you eat yet?"",""Ah yum""]",80,SMS_5S_Jungkook_09_02_01,104,SMS_5S_Jungkook_09_03_01,56,SMS_5S_Jungkook_09_04_01,You ate all of that?,It wasn't too spicy???,So handsome T____T
31075008-18,Jungkook,"[""Jeongguk did you eat yet?"",""Did you eat yet Manager?""]",80,SMS_5S_Jungkook_09_05_01,104,SMS_5S_Jungkook_09_06_01,0,0,Of course! I ate!,Not yet...,
31075009-8,Jungkook,"[""Jeongguk where are you?"",""I set the highest score""]",56,SMS_5S_Jungkook_15_02_01,104,SMS_5S_Jungkook_15_03_01,80,SMS_5S_Jungkook_15_04_01,(Can't believe you're good at bowling too,I know how to bowl too...,"""I don't know much about bowling..."
31075009-20,Jungkook,"[""Jeongguk where are you?"",""That's who looooool""]",104,SMS_5S_Jungkook_15_05_01,56,SMS_5S_Jungkook_15_06_01,80,SMS_5S_Jungkook_15_07_01,I think I know who,That kind of person exists?,Do I know this person?
31075010-5,Jungkook,"[""I'm curious"",""In the vacuum cleaner, right?""]",104,SMS_5S_Jungkook_17_02_01,80,SMS_5S_Jungkook_17_03_01,56,SMS_5S_Jungkook_17_04_01,I don't think so?,Wouldn't they stay alive?,(Are you thinking of raising fruit flies?
31075010-18,Jungkook,"[""I'm curious"",""and now it's like a war""]",80,SMS_5S_Jungkook_17_05_01,56,SMS_5S_Jungkook_17_06_01,104,SMS_5S_Jungkook_17_07_01,Just spray some bug spray!,I'm a fruit fly annihilator,I had no idea
31075011-9,Jungkook,"[""It's too hot"",""FIt's no fun if I tell you right away so hehe guess. What does IM mean?""]",112,SMS_5S_Jungkook_19_02_01,160,SMS_5S_Jungkook_19_03_01,208,SMS_5S_Jungkook_19_04_01,I think I know,I have no clue...,I need a hint
31075013-18,Jungkook,"[""Wow"",""Doing what""]",160,SMS_5S_Jungkook_21_02_01,208,SMS_5S_Jungkook_21_03_01,112,SMS_5S_Jungkook_21_04_01,Word chain,Compliments,A video call
41014002-9,Jin,"[""Manager"",""but it's killing me""]",112,SMS_4S_Jin_04_02_01,208,SMS_4S_Jin_04_03_01,160,SMS_4S_Jin_04_04_01,8They're doing it because they like you. Hang in there!,Do you want to go get dinner?,Leave the maknaes to me!
41014003-8,Jin,"[""Manager"",""'Am I beautiful or are flowers beautiful""]",112,SMS_4S_Jin_06_02_01,160,SMS_4S_Jin_06_03_01,208,SMS_4S_Jin_06_04_01,Both are beautiful!,"Seok Jin, you're beautiful!",Flowers are beautiful!
41014011-8,Jin,"[""'Sometimes I wish I could be young again"",""HThe lollipops they would sell at the stationery store in front of school""]",160,SMS_4S_Jin_22_02_01,112,SMS_4S_Jin_22_03_01,208,SMS_4S_Jin_22_04_01,"I liked those, too!",Jellies are a whole lot better!,Do you want me to buy you some?
41014012-7,Jin,"[""\""Manager I'm back at the dorm now"","".And I don't like that kind of mood either...""]",160,SMS_4S_Jin_24_02_01,208,SMS_4S_Jin_24_03_01,0,0,",Your health is more important than the mood.",/You care so much about the people around you...,
41014014-8,Jin,"[""2You've had a hard time lately, haven't you Manager"",""No, you should say it""]",208,SMS_4S_Jin_20_02_01,160,SMS_4S_Jin_20_03_01,112,SMS_4S_Jin_20_04_01,"'To be honest, I'm having a hard time.",%I feel more energetic when I see you!,'I'll make sure to speak up next time.
41014015-12,Jin,"[""Mr. Kim Seok Jin?"",""+Okay now it's your turn to send me a selfie""]",160,SMS_4S_Jin_26_02_01,112,SMS_4S_Jin_26_03_01,208,SMS_4S_Jin_26_04_01,Me? Why?,No!,/How about sticker pictures instead of a selfie?
41014017-6,Jin,"[""I have to steel myself"",""Just like Snow White!""]",208,SMS_4S_Jin_14_02_01,112,SMS_4S_Jin_14_03_01,160,SMS_4S_Jin_14_04_01,I'll be your prince!,",Fairy tales are exactly that, fairy tales...",.That makes me feel calm for some weird reason?
41015002-5,Jin,"[""Where are you?"",""inside your heart""]",80,SMS_5S_Jin_04_02_01,104,SMS_5S_Jin_04_03_01,56,SMS_5S_Jin_04_04_01,I'm laughing so hard.,You're not there.,That's not funny!
41015002-18,Jin,"[""Where are you?"",""Or was it just me... hehe""]",104,SMS_5S_Jin_04_05_01,80,SMS_5S_Jin_04_06_01,56,SMS_5S_Jin_04_07_01,I'm touched...,"Wow, that's deep...",You were mistaken!
41015003-5,Jin,"[""Manager"",""Is this true""]",104,SMS_5S_Jin_06_02_01,56,SMS_5S_Jin_06_03_01,80,SMS_5S_Jin_06_04_01,How'd you know?,It's not your day off.,It's a work in progress.
41015003-20,Jin,"[""Manager"",""0Okay if you get it right I'll give you a prize""]",56,SMS_5S_Jin_06_05_01,104,SMS_5S_Jin_06_06_01,80,SMS_5S_Jin_06_07_01,",You want me to go grocery shopping with you?",%You want to go somewhere fun with me?,Oh... What's the prize??
41015004-4,Jin,"[""Manager..."",""Sniffsniff...""]",80,SMS_5S_Jin_08_02_01,56,SMS_5S_Jin_08_03_01,104,SMS_5S_Jin_08_04_01,Are you really sick?,Faking it again?,"Me, too..."
41015004-14,Jin,"[""Manager..."",""WToday's an important day. We're learning new choreography from the Dance Captain...""]",80,SMS_5S_Jin_08_05_01,104,SMS_5S_Jin_08_06_01,56,SMS_5S_Jin_08_07_01,3You're sick and you're going to go to practice?,Let's go to the doctor first.,:I guess you can't bail out just because you're sick...
41015006-6,Jin,"[""Okay"",""Loooooool""]",104,SMS_5S_Jin_12_02_01,80,SMS_5S_Jin_12_03_01,0,0,I like the one I have right now,I was so tired of my wallpaper,
41015006-22,Jin,"[""Okay"",""How are they?""]",56,SMS_5S_Jin_12_05_01,104,SMS_5S_Jin_12_06_01,80,SMS_5S_Jin_12_07_01,The first photo's nice!,The second photo's nice!,$Are you wearing massage slippers...?
41015007-6,Jin,"[""Oh Manager do you"",""Come on just answer. Hurry!""]",56,SMS_5S_Jin_14_02_01,104,SMS_5S_Jin_14_03_01,80,SMS_5S_Jin_14_04_01,Nothing really,I do sleep talk a little,Oh man I can't tell you
41015007-25,Jin,"[""Oh Manager do you"",""DYou quieted down after I put a blanket over you and patted you a bit""]",104,SMS_5S_Jin_14_05_01,56,SMS_5S_Jin_14_06_01,80,SMS_5S_Jin_14_07_01,No wonder I felt so warm,Why didn't you just wake me up,%Keep it a secret from the other kids!
41015008-6,Jin,"[""Hello"",""How are they?""]",80,SMS_5S_Jin_16_02_01,104,SMS_5S_Jin_16_03_01,56,SMS_5S_Jin_16_04_01,They're too painful to wear,I'm wearing them a lot,I'm afraid of ruining them
41015008-17,Jin,"[""Hello"",""HIt's small, but I want to gift you something that'll make you happy!""]",80,SMS_5S_Jin_16_05_01,56,SMS_5S_Jin_16_06_01,104,SMS_5S_Jin_16_07_01,A premium lunchbox!,Let's go have a company dinner,",I'll make sure to always laugh at your jokes"
41015009-4,Jin,"[""Whatever you do"","",what do you think is most important in life?""]",56,SMS_5S_Jin_18_02_01,104,SMS_5S_Jin_18_03_01,80,SMS_5S_Jin_18_04_01,Money!,Health!,People!
41015009-26,Jin,"[""Whatever you do"",""$So I'll give a bottle to you Manager""]",56,SMS_5S_Jin_18_05_01,80,SMS_5S_Jin_18_06_01,104,SMS_5S_Jin_18_07_01,How much?,'You can give them to the other members!,*The buy one get one sounds like an excuse!
41015010-6,Jin,"[""[The Benefits of Jin-anas]"",""Ta-da here's a first look""]",104,SMS_5S_Jin_10_02_01,56,SMS_5S_Jin_10_03_01,80,SMS_5S_Jin_10_04_01,"I'd like 100 bunches, please.",Where'd you get that?,Looks sweet!
41015010-12,Jin,"[""[The Benefits of Jin-anas]"",""ZI'm going wear this hat and be Jin-ana for the rest of the day so don't tease me later""]",56,SMS_5S_Jin_10_05_01,104,SMS_5S_Jin_10_06_01,80,SMS_5S_Jin_10_07_01,Are you being punished?,I better take a picture.,I wanna try it on!
41015011-8,Jin,"[""Hello"",""%Summer's a tough time of year, huh?""]",80,SMS_5S_Jin_20_02_01,104,SMS_5S_Jin_20_03_01,0,0,Nah it's okay,Yep it's tough,
41015011-18,Jin,"[""Hello"",""~1) Host a summer food mukbang stream with Eat Jin2) Go fishing with SeokJinie3) Watch a summer movie with Bangtan's eldest""]",80,SMS_5S_Jin_20_05_01,104,SMS_5S_Jin_20_06_01,56,SMS_5S_Jin_20_07_01,Option 1,Option 2,Option 3
41015013-3,Jin,"[""a[BT Express] Your delivery has been delayed due to an increase in demand for the Chuseok holiday."",""We ask for your understanding.""]",104,SMS_5S_Jin_22_02_01,80,SMS_5S_Jin_22_03_01,0,0,Hurry please!,I'm gonna return it,
41015013-18,Jin,"[""a[BT Express] Your delivery has been delayed due to an increase in demand for the Chuseok holiday."",""Guess what it is""]",56,SMS_5S_Jin_22_05_01,80,SMS_5S_Jin_22_06_01,104,SMS_5S_Jin_22_07_01,A Yut Set,Songpyeon,Board Games
41024001-9,Suga,"["")My stomach hurt so I went to the hospital"",""When I want to relieve stress""]",208,SMS_4S_Suga_02_02_01,112,SMS_4S_Suga_02_03_01,160,SMS_4S_Suga_02_04_01,I eat spicy food.,I watch scary movies.,I think of you guys!
41024003-10,Suga,"[""Did you eat dinner?"",""You don't want to?""]",160,SMS_4S_Suga_06_02_01,208,SMS_4S_Suga_06_03_01,112,SMS_4S_Suga_06_04_01,Great!! I'll be right out.,.I thought you didn't like that kind of food?,I don't feel so good today...
41024011-7,Suga,"[""6I take that back I don't want to be reborn as a rock"",""8I don't think there's anything as fun or interesting""]",160,SMS_4S_Suga_22_02_01,112,SMS_4S_Suga_22_03_01,208,SMS_4S_Suga_22_04_01,I'm crying.,Did something happen?,.Wouldn't it be fun to live a different life?
41024012-9,Suga,"[""#Whenever I see Jeongguk eat so well"",""That's how in sync we are""]",160,SMS_4S_Suga_24_02_01,208,SMS_4S_Suga_24_03_01,112,SMS_4S_Suga_24_04_01,That sounds pricey.,I'll buy next time!,You guys get along so well!
41024013-7,Suga,"[""I should get glasses"",""They ask me if I'm mad""]",112,SMS_4S_Suga_10_02_01,160,SMS_4S_Suga_10_03_01,208,SMS_4S_Suga_10_04_01,"""Are you sure people misunderstand?",'I think glasses would look nice on you!,%I like you better without glasses T_T
41024015-7,Suga,"[""1I wish there were fancams of you dancing, Manager"",""I need a new source of amusement""]",160,SMS_4S_Suga_20_02_01,112,SMS_4S_Suga_20_03_01,208,SMS_4S_Suga_20_04_01,*I don't think my fancams would be funny.,"*I watch your fancams too sometimes, Yunki.",!Well... Whatever makes you laugh.
41024016-5,Suga,"[""You've inspired me Manager"",""KWhat do you think of making a beat with the sound of a dribbled basketball?""]",160,SMS_4S_Suga_26_02_01,208,SMS_4S_Suga_26_03_01,112,SMS_4S_Suga_26_04_01,It's a great idea!,Wouldn't that be difficult?,Don't do it
41025002-6,Suga,"[""Finally"",""!that list of things I have to do?""]",104,SMS_5S_Suga_04_02_01,56,SMS_5S_Suga_04_03_01,80,SMS_5S_Suga_04_04_01,I remember!,I don't recall at all...,That sounds kind of familiar...
41025002-16,Suga,"[""Finally"",""3I'm about to cross off the last thing on the list""]",80,SMS_5S_Suga_04_05_01,104,SMS_5S_Suga_04_06_01,56,SMS_5S_Suga_04_07_01,What an important moment!,Are you bragging?,And what's that?
41025003-7,Suga,"[""Today I heard that Mr. Min Yunki"",""2that I should be considered part of the dance line""]",56,SMS_5S_Suga_06_02_01,104,SMS_5S_Suga_06_03_01,80,SMS_5S_Suga_06_04_01,I can't acknowledge that!,I completely agree.,Show me.
41025003-19,Suga,"[""Today I heard that Mr. Min Yunki"",""You know that right?""]",104,SMS_5S_Suga_06_05_01,56,SMS_5S_Suga_06_06_01,80,SMS_5S_Suga_06_07_01,I didn't know that,Of course I know that!,"-I've never heard you, so I wouldn't know."
41025004-4,Suga,"[""Ah"",""!is it because I have to eat alone""]",104,SMS_5S_Suga_08_02_01,80,SMS_5S_Suga_08_03_01,56,SMS_5S_Suga_08_04_01,Eat with the other members!,Watch Eat Jin.,/Sometimes it's good to have an empty stomach.
41025004-12,Suga,"[""Ah"",""Did you eat?""]",80,SMS_5S_Suga_08_05_01,56,SMS_5S_Suga_08_06_01,104,SMS_5S_Suga_08_07_01,"Yeah, I ate!","No, not yet...","""I don't really feel like eating."
41025006-10,Suga,"[""ShupGuyver is back"",""This masterpiece ah""]",104,SMS_5S_Suga_12_02_01,80,SMS_5S_Suga_12_03_01,56,SMS_5S_Suga_12_04_01,That's really amazing,Make me an armoire please,Aren't you exaggerating
41025006-19,Suga,"[""ShupGuyver is back"",""9Have you ever heard of something called floor area ratio?""]",104,SMS_5S_Suga_12_05_01,56,SMS_5S_Suga_12_06_01,80,SMS_5S_Suga_12_07_01,First time I've heard it,Yes of course I know,Who's that?
41025007-7,Suga,"[""What are you doing"",""*You remembered all of that, to the letter?""]",104,SMS_5S_Suga_10_02_01,56,SMS_5S_Suga_10_03_01,80,SMS_5S_Suga_10_04_01,It left a scar on my heart...,Thanks for texting me.,"%I remember everything you say, Yunki."
41025007-20,Suga,"[""What are you doing"",""and becoming one with this chair""]",104,SMS_5S_Suga_10_05_01,56,SMS_5S_Suga_10_06_01,80,SMS_5S_Suga_10_07_01,You seem friendlier than usual!,"""You look like you're having fun.",This picture's so cute!
41025008-13,Suga,"[""Mreow"",""'If you're gonna keep forgetting it just""]",56,SMS_5S_Suga_14_02_01,104,SMS_5S_Suga_14_03_01,80,SMS_5S_Suga_14_04_01,Write it down somewhere,Share it with me,Leave the door open
41025008-25,Suga,"[""Mreow"",""When was your birthday again?""]",104,SMS_5S_Suga_14_05_01,80,SMS_5S_Suga_14_06_01,56,SMS_5S_Suga_14_07_01,Why are you asking?,Gonna set your passcode?,You didn't forget did you?
41025009-5,Suga,"[""I have to sleep but"",""-How come you can't fall asleep? Is it because""]",80,SMS_5S_Suga_16_02_01,56,SMS_5S_Suga_16_03_01,104,SMS_5S_Suga_16_04_01,You napped a lot?,Do you have insomnia?,Are you thinking about me?
41025009-21,Suga,"[""I have to sleep but"",""LHow great would it be if caffeine was this effective when I work on songs???""]",104,SMS_5S_Suga_16_05_01,80,SMS_5S_Suga_16_06_01,56,SMS_5S_Suga_16_07_01,I'll keeel it for you,!You could work on songs right now,$I told you to cut back on the coffee
41025010-4,Suga,"[""Took this on my way here"",""Did you by any chance""]",80,SMS_5S_Suga_18_02_01,56,SMS_5S_Suga_18_03_01,104,SMS_5S_Suga_18_04_01,Take this pic using a reflector?,3Did you take a pic with that new filter you bought?,Did you take it in the bathroom?
41025010-18,Suga,"[""Took this on my way here"",""What makes you happy?""]",80,SMS_5S_Suga_18_05_01,56,SMS_5S_Suga_18_06_01,104,SMS_5S_Suga_18_07_01,When I think of you Yunki,When I think of food,When I think about going home
41025011-11,Suga,"[""[Special Lunch Menu Request]"",""2What should I eat? Can you choose something for me""]",80,SMS_5S_Suga_20_02_01,104,SMS_5S_Suga_20_03_01,56,SMS_5S_Suga_20_04_01,Ginseng Chicken Soup,Naengmyun cold noodles,Spicy Buldak Instant Noodles
41025011-22,Suga,"[""[Special Lunch Menu Request]"","";We have to choose between Pyongyang style or Hamheung style""]",104,SMS_5S_Suga_20_05_01,56,SMS_5S_Suga_20_06_01,80,SMS_5S_Suga_20_07_01,Pyongyang style,Hamheung style,What's the difference?
41025013-6,Suga,"[""=I heard that you had a wrestling match with Mr. Jeon Jeongguk"",""What a terrible rumor""]",104,SMS_5S_Suga_22_02_01,80,SMS_5S_Suga_22_03_01,0,0,That's a secret,That's a lame excuse,
41025013-22,Suga,"[""=I heard that you had a wrestling match with Mr. Jeon Jeongguk"",""+penalty songpyeon he was supposed to eat...""]",80,SMS_5S_Suga_22_05_01,56,SMS_5S_Suga_22_06_01,104,SMS_5S_Suga_22_07_01,What color songpyeon?,What flavor songpyeon?,What shape songpyeon?
41034001-9,J-Hope,"[""Managerrr"",""So fragrant!! So pretty!!""]",208,SMS_4S_J-hope_02_02_01,112,SMS_4S_J-hope_02_03_01,160,SMS_4S_J-hope_02_04_01,How beautiful!,Must've cost a fortune...,Why do you need flowers?
41034003-13,J-Hope,"[""I had a weird dream"",""\""I'm so glad you're our manager""]",160,SMS_4S_J-hope_06_02_01,112,SMS_4S_J-hope_06_03_01,208,SMS_4S_J-hope_06_04_01,I'm more thankful.,That sounds like a fun dream...,;I think you feel a lot of pressure being the Dance Captain.
41034011-6,J-Hope,"[""7T_____________________________________________________T"",""OAnd it's stuck somewhere in the middle of the Pacific Ocean... What do I do?!""]",112,SMS_4S_J-hope_22_02_01,160,SMS_4S_J-hope_22_03_01,208,SMS_4S_J-hope_22_04_01,Time to give up...,I'll sort it out.,$Be patient and wait a little longer.
41034012-10,J-Hope,"[""M a n a g e r..."",""5I'm itching to do something and I can't stand it!""]",160,SMS_4S_J-hope_24_02_01,208,SMS_4S_J-hope_24_03_01,112,SMS_4S_J-hope_24_04_01,"(Still, rest up when you have the chance.",'Try practicing some light choreography?,"""Hoseok, you're a practice fiend!"
41034014-12,J-Hope,"["")We did a deep clean of the dorms today..."",""I want some chicken >_<""]",208,SMS_4S_J-hope_18_02_01,112,SMS_4S_J-hope_18_03_01,160,SMS_4S_J-hope_18_04_01,Order some!,You had chicken yesterday!,It's not good for you...
41034019-4,J-Hope,"[""#Dogs <color=#42b7fe>vs</color> Cats"",""!Please respond in 3 seconds 3 2 1""]",160,SMS_4S_J-hope_28_02_01,112,SMS_4S_J-hope_28_03_01,208,SMS_4S_J-hope_28_04_01,Dogs!,Cats!,Hoseok!
41034020-4,J-Hope,"[""Manager"",""Rainy days?? Hm...""]",208,SMS_4S_J-hope_14_02_01,160,SMS_4S_J-hope_14_03_01,0,0,I do!,"No, I don't...",
41035002-5,J-Hope,"[""Manager!!! Manager!!!"",""AAh I'm just saying that we should have meat for breakfast loool""]",80,SMS_5S_J-hope_04_02_01,104,SMS_5S_J-hope_04_03_01,56,SMS_5S_J-hope_04_04_01,But that's not your style...?,Meat? Sure!,I'm not feeling it today.
41035002-12,J-Hope,"[""Manager!!! Manager!!!"",""I already bought the meat!""]",104,SMS_5S_J-hope_04_05_01,80,SMS_5S_J-hope_04_06_01,56,SMS_5S_J-hope_04_07_01,I'm so moved...,"Did you get choice cuts, too?",Why'd you do that?
41035003-4,J-Hope,"[""Maaanager..."",""uYou didn't tell anyone about me falling asleep while texting you right? You didn't, right? Right? Right??? Please""]",104,SMS_5S_J-hope_06_02_01,56,SMS_5S_J-hope_06_03_01,80,SMS_5S_J-hope_06_04_01,"'Don't worry, I didn't say anything.",Oops! I already told them...,I had forgotten about that.
41035003-13,J-Hope,"[""Maaanager..."",""'until you fall asleep, Manager!!! Yeap!""]",56,SMS_5S_J-hope_06_05_01,80,SMS_5S_J-hope_06_06_01,104,SMS_5S_J-hope_06_07_01,)I guess I'm not falling asleep tonight.,You're sure you can stay up?,I'll go sleep now!
41035004-6,J-Hope,"[""2Great weather and great <color=#42b7fe>bgm</color>"",""\""It's all your doing, Manager!!!!""]",104,SMS_5S_J-hope_08_02_01,56,SMS_5S_J-hope_08_03_01,80,SMS_5S_J-hope_08_04_01,"+I'm glad you're back to normal, Hoseok!",$It didn't make you miss home more?,"I am pretty awesome, huh?"
41035004-18,J-Hope,"[""2Great weather and great <color=#42b7fe>bgm</color>"",""*Where would you like to go?? Please decide""]",56,SMS_5S_J-hope_08_05_01,104,SMS_5S_J-hope_08_06_01,80,SMS_5S_J-hope_08_07_01,A vacation spot.,My old neighborhood.,I don't need a vacation.
41035006-6,J-Hope,"[""Hoseok!"",""Nope I told you it's a secret""]",80,SMS_5S_J-hope_10_02_01,104,SMS_5S_J-hope_10_03_01,56,SMS_5S_J-hope_10_04_01,I wanna know so badly!,I don't remember this?,"'Then I'm going to have a secret, too."
41035006-14,J-Hope,"[""Hoseok!"",""#I'll tell you next time loooooool""]",56,SMS_5S_J-hope_10_05_01,80,SMS_5S_J-hope_10_06_01,104,SMS_5S_J-hope_10_07_01,)I'm not going to talk to you anymore...,Actually... I know everything!,Tell me via telepathy.
41035007-6,J-Hope,"[""!Are you sleeping well these days?"",""Dreams? what kind of dreams?""]",104,SMS_5S_J-hope_12_02_01,80,SMS_5S_J-hope_12_03_01,56,SMS_5S_J-hope_12_04_01,"Dreams about you, Hoseok",Exciting dreams,Nightmares
41035007-16,J-Hope,"[""!Are you sleeping well these days?"",""What the.... you too, Manager???""]",104,SMS_5S_J-hope_12_05_01,56,SMS_5S_J-hope_12_06_01,80,SMS_5S_J-hope_12_07_01,I was flying too,I wasn't flying,I'm just kidding
41035008-5,J-Hope,"[""Maaanager"",""Which is my favorite?""]",56,SMS_5S_J-hope_14_02_01,80,SMS_5S_J-hope_14_03_01,104,SMS_5S_J-hope_14_04_01,I don't know,Roses!,All three?
41035008-25,J-Hope,"[""Maaanager"",""I need to feel better too!""]",56,SMS_5S_J-hope_14_05_01,104,SMS_5S_J-hope_14_06_01,80,SMS_5S_J-hope_14_07_01,Look in the mirror!,Wanna go see some flowers?,I'll buy you flowers
41035009-7,J-Hope,"[""!Have you come up with a song yet?"",""Whoa are you guys a duo?""]",104,SMS_5S_J-hope_16_02_01,56,SMS_5S_J-hope_16_03_01,80,SMS_5S_J-hope_16_04_01,So cool,"No, that's bad",Who's the leader?
41035009-15,J-Hope,"[""!Have you come up with a song yet?"",""#is there anything you want to hear?""]",104,SMS_5S_J-hope_16_05_01,80,SMS_5S_J-hope_16_06_01,56,SMS_5S_J-hope_16_07_01,Something sweet,Something exciting!,Pansori
41035010-8,J-Hope,"[""I have finally, finally"",""I worried you for nothing""]",104,SMS_5S_J-hope_18_02_01,80,SMS_5S_J-hope_18_03_01,56,SMS_5S_J-hope_18_04_01,It happens,I was super worried,I thought you were exaggerating
41035010-20,J-Hope,"[""I have finally, finally"","")what would be a good thing for me to eat?""]",104,SMS_5S_J-hope_18_05_01,56,SMS_5S_J-hope_18_06_01,80,SMS_5S_J-hope_18_07_01,Ice cream of course,Ice cubes of course,Naengmyun of course
41035011-3,J-Hope,"[""Manager!!"",""/We made ginseng chicken soup! Come to the dorm!""]",80,SMS_5S_J-hope_20_02_01,56,SMS_5S_J-hope_20_03_01,104,SMS_5S_J-hope_20_04_01,Sounds great!,I had some yesterday...,Can you vouch for the taste?
41035011-16,J-Hope,"[""Manager!!"",""""]",104,SMS_5S_J-hope_20_05_01,80,SMS_5S_J-hope_20_06_01,0,0,Right now!,I don't wanna go,
41035013-4,J-Hope,"[""Manager!!"",""'are you having yourself a Merry Chuseok""]",104,SMS_5S_J-hope_22_02_01,80,SMS_5S_J-hope_22_03_01,56,SMS_5S_J-hope_22_04_01,I'm just lazing around,I'm spending it well,I'm working
41035013-24,J-Hope,"[""Manager!!"",""""]",80,SMS_5S_J-hope_22_05_01,104,SMS_5S_J-hope_22_06_01,56,SMS_5S_J-hope_22_07_01,!I recommend some new plans then!!,Do you have any other plans?,Crazy...
41044002-10,RM,"[""&The bird fights its way out of the egg"",""Ha... Cool, right?""]",208,SMS_4S_RM_04_02_01,112,SMS_4S_RM_04_03_01,160,SMS_4S_RM_04_04_01,"Yeah, it's so cool!",What does that mean?,My head hurts...
41044003-6,RM,"[""0Manager thanks for suggesting that I go on walks"",""Lately I've been wandering around at night, through grassy fields, next to the river, on the hiking trails in the mountains...""]",160,SMS_4S_RM_06_02_01,208,SMS_4S_RM_06_03_01,112,SMS_4S_RM_06_04_01,.Isn't it dangerous to wander alone at night?,"I wanna go, too!",")Emotionally expressive as always, Namjun."
41044011-10,RM,"[""Do you want to cool off"","">Is there anything in particular you want to do there, Manager?""]",160,SMS_4S_RM_22_02_01,208,SMS_4S_RM_22_03_01,112,SMS_4S_RM_22_04_01,Eat chicken!,Go for a walk!,Watch buskers perform!
41044012-9,RM,"[""I want to ask you something"",""\""How many points would you give me?""]",208,SMS_4S_RM_24_02_01,112,SMS_4S_RM_24_03_01,160,SMS_4S_RM_24_04_01,100 points!,No points.,I can't tell you.
41044013-5,RM,"[""Did you know?"",""FNo one noticed, but there's a new caf that opened up near our dorm""]",160,SMS_4S_RM_16_02_01,208,SMS_4S_RM_16_03_01,112,SMS_4S_RM_16_04_01,Did you go?,How are the prices?,I didn't notice at all.
41044014-12,RM,"[""Kim Namjun!!!!!!!!"",""Are you for real...?""]",112,SMS_4S_RM_26_02_01,160,SMS_4S_RM_26_03_01,208,SMS_4S_RM_26_04_01,Be careful,"You're not hurt, are you?",That's one of your charms
41044015-4,RM,"[""9Manager thank you for helping me find the place last time"",""<It's not because I'm clumsy! The addresses are confusing""]",112,SMS_4S_RM_08_02_01,160,SMS_4S_RM_08_03_01,208,SMS_4S_RM_08_04_01,%I didn't have trouble finding it...,+I'll fix the address system just for you.,Even your excuses are adorable!
41045002-8,RM,"[""Namjun where are you?"",""I found out... Who broke it...""]",80,SMS_5S_RM_04_02_01,80,SMS_5S_RM_04_03_01,104,SMS_5S_RM_04_04_01,Was it Taehyung?,Was it Yunki?,"It was you, Namjun, wasn't it?"
41045002-18,RM,"[""Namjun where are you?"",""3Manager... Why do I keep doing this? T_T T________T""]",104,SMS_5S_RM_04_05_01,80,SMS_5S_RM_04_06_01,0,0,*Life's no fun if people are too perfect.,*You just have to be careful in the future.,
41045003-6,RM,"[""TI looked up nearby skating rinks because I wanted to go ice skating with you Manager"","".Well, their AC broke and all the ice melted...""]",104,SMS_5S_RM_06_02_01,56,SMS_5S_RM_06_03_01,80,SMS_5S_RM_06_04_01,#No... I'm not ready to give up...,We'll have another chance.,(Let's make a skating rink in the dorm!
41045003-13,RM,"[""TI looked up nearby skating rinks because I wanted to go ice skating with you Manager"",""zIs there anything other than ice skating you'd like to do on your day off? I want to do whatever you want to do, Manager""]",56,SMS_5S_RM_06_05_01,104,SMS_5S_RM_06_06_01,80,SMS_5S_RM_06_07_01,Play board games at the dorm.,Go read at the library.,Ride bikes at the Han River.
41045004-5,RM,"[""Namjun! I have great news"",""-Limited-edition... What? What is it???? Hurry""]",80,SMS_5S_RM_08_02_01,80,SMS_5S_RM_08_03_01,80,SMS_5S_RM_08_04_01,",A limited-edition <color=#42b7fe>LP</color>!",A limited-edition dessert!,A limited-edition t-shirt!
41045004-19,RM,"[""Namjun! I have great news"",""You can come by now, right?""]",80,SMS_5S_RM_08_05_01,56,SMS_5S_RM_08_06_01,104,SMS_5S_RM_08_07_01,I'll be right there!,That's...,I'll think about it.
41045006-15,RM,"[""#1 second before I leave for my trip"",""$or do you like jam-packed schedules?""]",104,SMS_5S_RM_12_02_01,56,SMS_5S_RM_12_03_01,80,SMS_5S_RM_12_04_01,I like slow-paced trips,I enjoy jam-packed schedules,It really depends
41045006-26,RM,"[""#1 second before I leave for my trip"",""'How does that sound? Reassuring, right?""]",104,SMS_5S_RM_12_05_01,80,SMS_5S_RM_12_06_01,56,SMS_5S_RM_12_07_01,Totally reassuring,You don't have to do that,A guide? You?
41045007-8,RM,"[""What do I do"",""\""I just wanted to complain out loud""]",56,SMS_5S_RM_14_02_01,80,SMS_5S_RM_14_03_01,104,SMS_5S_RM_14_04_01,It's really late,What's it about?,I can't wait
41045007-20,RM,"[""What do I do"",""Oooh...""]",104,SMS_5S_RM_14_05_01,80,SMS_5S_RM_14_06_01,56,SMS_5S_RM_14_07_01,I'm so moved,I'm worried,How about the rights?
41045008-10,RM,"[""$Hi, this is your Fine Dust Alert-bot"","">Should we do something? Ah my body doesn't want to stay inside""]",56,SMS_5S_RM_16_02_01,80,SMS_5S_RM_16_03_01,104,SMS_5S_RM_16_04_01,Wanna go to the amusement park?,3Wanna go take a walk around one of the old palaces?,Wanna go catch some crabs?
41045008-18,RM,"[""$Hi, this is your Fine Dust Alert-bot"",""Can I ask you to do that?""]",104,SMS_5S_RM_16_05_01,56,SMS_5S_RM_16_06_01,80,SMS_5S_RM_16_07_01,Leave it to me!,I'm not confident,!You should be taking photos of me
41045009-9,RM,"[""?We had a group meeting at the dorm for the first time in awhile"",""We came to a conclusion""]",104,SMS_5S_RM_18_02_01,80,SMS_5S_RM_18_03_01,56,SMS_5S_RM_18_04_01,It's you isn't it Namjun?,Who is it?,It's all 7 of you huh?
41045009-23,RM,"[""?We had a group meeting at the dorm for the first time in awhile"",""Hehehehe""]",104,SMS_5S_RM_18_05_01,56,SMS_5S_RM_18_06_01,80,SMS_5S_RM_18_07_01,You have quite the eye,I disagree,Whose opinion is this
41045010-3,RM,"[""tI took this picture when I visited my high school... But I had two photos printed by mistake. Seriously, by mistake."",""So, this extra photo...""]",104,SMS_5S_RM_10_02_01,80,SMS_5S_RM_10_03_01,56,SMS_5S_RM_10_04_01,Are you giving it to me?,One to save for later?,Should I put it up on the wall?
41045010-12,RM,"[""tI took this picture when I visited my high school... But I had two photos printed by mistake. Seriously, by mistake."",""<The letter I wrote to my future self was especially poignant""]",104,SMS_5S_RM_10_05_01,56,SMS_5S_RM_10_06_01,80,SMS_5S_RM_10_07_01,What does it say?,What else was there?,I want to see in person!
41045011-8,RM,"[""Have you seen the forecast?"",""HOne advantage is I don't have to worry about losing my umbrella anymore!""]",104,SMS_5S_RM_20_02_01,80,SMS_5S_RM_20_03_01,0,0,I feel the same way!,I can't relate.,
41045011-19,RM,"[""Have you seen the forecast?"","",What does summer make you think of, Manager?""]",56,SMS_5S_RM_20_05_01,80,SMS_5S_RM_20_06_01,104,SMS_5S_RM_20_07_01,Ice cream,Summer vacation,Tropical nights
41045013-9,RM,"["">[Headline] BTS Namjun Planning Short Trip over Chuseok Holiday"",""5What would you do, Manager? Stick it out or turn back""]",80,SMS_5S_RM_22_02_01,104,SMS_5S_RM_22_03_01,0,0,Stick it out,Turn back,
41045013-23,RM,"["">[Headline] BTS Namjun Planning Short Trip over Chuseok Holiday"",""-I've changed my travel destination, Manager""]",56,SMS_5S_RM_22_05_01,104,SMS_5S_RM_22_06_01,80,SMS_5S_RM_22_07_01,1[Newsflash] Enrich Your Life by Visiting a Museum,5[Newsflash] How Does Chicken and the Han River Sound?,:[Newsflash] Perfect for Serene Walks: Gyeongbokgung Palace
41054002-6,Jimin,"[""Why are they doing this... T_T"",""\""Why are they doing this to me? T_T""]",160,SMS_4S_Jimin_04_02_01,208,SMS_4S_Jimin_04_03_01,112,SMS_4S_Jimin_04_04_01,It's because you're so cute.,"""I want to play pranks on you, too.",Teach them a lesson!
41054003-5,Jimin,"[""Did you know?"",""BAnd there's supposed to be something really really really sour!!""]",160,SMS_4S_Jimin_06_02_01,112,SMS_4S_Jimin_06_03_01,208,SMS_4S_Jimin_06_04_01,"Your favorite flavor, Jimin!",I can feel your excitement!,Should we go check it out?
41054005-4,Jimin,"[""LI feel super refreshed after working out, sweating, and then showering loool"",""*Yeah lol! It's great picking it up again""]",160,SMS_4S_Jimin_10_02_01,208,SMS_4S_Jimin_10_03_01,112,SMS_4S_Jimin_10_04_01,"%How long did you do kendo for, again?",*The kendo uniform looks so good on you >_<,+Aren't you going a little too frequently?
41054011-5,Jimin,"[""&Isn't today's weather really nice?"",""I really want to go somewhere""]",208,SMS_4S_Jimin_22_02_01,160,SMS_4S_Jimin_22_03_01,112,SMS_4S_Jimin_22_04_01,Like... the ocean?,Like... the mountains?,"$Wherever it is, let's go together!"
41054017-5,Jimin,"[""Manager when you look at me"",""FI made a bet with the other members about what you'd say! Hurry lol!""]",208,SMS_4S_Jimin_12_02_01,160,SMS_4S_Jimin_12_03_01,112,SMS_4S_Jimin_12_04_01,"Puppy, cat...",Mang-gae-ddeok!,Your parents?
41054018-5,Jimin,"[""LIt'd be better to take long sleeves if I'm going to the mountains right?"",""KHahaha we played a game and I have to do the punishment... Go hiking alone!""]",208,SMS_4S_Jimin_18_02_01,160,SMS_4S_Jimin_18_03_01,112,SMS_4S_Jimin_18_04_01,Hiking... Sounds fun!,Such a heartless competition...,%Are you sure it isn't match fixing?
41054019-4,Jimin,"[""Maaanager"",""Are you proud of me? Hehehe""]",208,SMS_4S_Jimin_28_02_01,160,SMS_4S_Jimin_28_03_01,112,SMS_4S_Jimin_28_04_01,But I just bought snacks,Liar!,I already heard
41055002-5,Jimin,"[""Mishster Jimin"",""(Wait for me please I'll be right there""]",56,SMS_5S_Jimin_04_02_01,104,SMS_5S_Jimin_04_03_01,80,SMS_5S_Jimin_04_04_01,'If you don't come soon I'm leaving.,I want to see you!,Come after practice.
41055002-13,Jimin,"[""Mishster Jimin"",""&I wish there were more days like this!""]",80,SMS_5S_Jimin_04_05_01,56,SMS_5S_Jimin_04_06_01,104,SMS_5S_Jimin_04_07_01,"3It's because of the kimchi dumplings, isn't it?","Nope, no can do!",!I'll try to do this more often.
41055003-4,Jimin,"[""Nomnom on the streets again"",""GIt's my first time eating a crepe... so this is what they taste like!""]",104,SMS_5S_Jimin_06_02_01,80,SMS_5S_Jimin_06_03_01,56,SMS_5S_Jimin_06_04_01,What does it taste like?,&Are you on your way to practice again?,*Spicy rice cakes are the best street food!
41055003-13,Jimin,"[""Nomnom on the streets again"",""!it's up to you to eat one loool""]",80,SMS_5S_Jimin_06_05_01,104,SMS_5S_Jimin_06_06_01,56,SMS_5S_Jimin_06_07_01,I don't like crepes.,*You have to buy me one for me to have one.,I'm just teasing!
41055004-10,Jimin,"[""I know the truth..."",""Don't worry about it hehe""]",80,SMS_5S_Jimin_08_02_01,104,SMS_5S_Jimin_08_03_01,56,SMS_5S_Jimin_08_04_01,Was it really fun?,That's good to hear.,Don't do that again!
41055004-19,Jimin,"[""I know the truth..."",""7was more important than the actual content of the movie""]",80,SMS_5S_Jimin_08_05_01,104,SMS_5S_Jimin_08_06_01,0,0,$Let's watch another one next time!,You're overflowing with love.,
41055006-9,Jimin,"[""Maaanager"",""Hurry and make a wish!""]",104,SMS_5S_Jimin_12_02_01,80,SMS_5S_Jimin_12_03_01,0,0,I'll make a wish,I don't do wishes...,
41055006-19,Jimin,"[""Maaanager"",""What kind of wish did you make?""]",104,SMS_5S_Jimin_12_05_01,80,SMS_5S_Jimin_12_06_01,56,SMS_5S_Jimin_12_07_01,I wished for BTS's happiness!,$I wished for everyone to be healthy!,It's a secret
41055007-7,Jimin,"[""\""Hello this is Sleep Fairy Chimchim"",""Have I come to the right place?""]",80,SMS_5S_Jimin_14_02_01,104,SMS_5S_Jimin_14_03_01,56,SMS_5S_Jimin_14_04_01,(Snore) Zzz,Ding ding ding! Correct!,What took you so long?
41055007-25,Jimin,"[""\""Hello this is Sleep Fairy Chimchim"",""How is it?""]",104,SMS_5S_Jimin_14_05_01,56,SMS_5S_Jimin_14_06_01,80,SMS_5S_Jimin_14_07_01,I'm so touched...,#I'm gonna die from cute overload...,So... Charming...
41055008-4,Jimin,"[""Are you alright?"",""Explains all your sneezing""]",80,SMS_5S_Jimin_16_02_01,104,SMS_5S_Jimin_16_03_01,56,SMS_5S_Jimin_16_04_01,How'd you know?,I'm okay now,Cough cough
41055008-17,Jimin,"[""Are you alright?"",""will be able to be of some help!""]",104,SMS_5S_Jimin_16_05_01,56,SMS_5S_Jimin_16_06_01,80,SMS_5S_Jimin_16_07_01,How will you help?,What's good for colds?,"""I'll take your cold from you Jimin"
41055009-4,Jimin,"[""Invitation"",""_Date: After today's scheduled tasksPlace: Dorm Living RoomParticipants: Park Jimin, Manager""]",80,SMS_5S_Jimin_18_02_01,104,SMS_5S_Jimin_18_03_01,56,SMS_5S_Jimin_18_04_01,What's this???,I'll be sure to be there!,I don't think I can come
41055009-26,Jimin,"[""Invitation"",""I know!""]",80,SMS_5S_Jimin_18_05_01,56,SMS_5S_Jimin_18_06_01,104,SMS_5S_Jimin_18_07_01,#Only I need to know how hard I work,No big deal,Let's go as far as we can go!
41055010-12,Jimin,"[""Mishster Jimin!"",""%What?! Then what do I have to do? T_T""]",56,SMS_5S_Jimin_10_02_01,80,SMS_5S_Jimin_10_03_01,104,SMS_5S_Jimin_10_04_01,Treat me to something.,Hand over the photos!,&Say something like they do in Busan...
41055010-24,Jimin,"[""Mishster Jimin!"",""\""Since you found the camera for me!""]",104,SMS_5S_Jimin_10_05_01,56,SMS_5S_Jimin_10_06_01,80,SMS_5S_Jimin_10_07_01,"#I'm gonna take one of you, Jimin!",Time for a selfie!,I don't want to take one...
41055011-5,Jimin,"[""Maaanager"","")The thing I put in the dorm refrigerator!""]",56,SMS_5S_Jimin_20_02_01,104,SMS_5S_Jimin_20_03_01,80,SMS_5S_Jimin_20_04_01,"Oh, that!",I haven't seen it yet,I want to guess!
41055011-16,Jimin,"[""Maaanager"",""""]",80,SMS_5S_Jimin_20_05_01,56,SMS_5S_Jimin_20_06_01,104,SMS_5S_Jimin_20_07_01,Amazing,It's too pretty to eat,Looks easy to eat
41055013-7,Jimin,"[""Maaanager my face, it's..."",""Iand Jeongguk keeps pressing it like a doorbell and going ding-dong'!""]",80,SMS_5S_Jimin_22_02_01,56,SMS_5S_Jimin_22_03_01,104,SMS_5S_Jimin_22_04_01,Sounds fun LOL,Jeongguk's being mean!,Same here T____T
41055013-16,Jimin,"[""Maaanager my face, it's..."",""I think I know why!""]",104,SMS_5S_Jimin_22_05_01,56,SMS_5S_Jimin_22_06_01,80,SMS_5S_Jimin_22_07_01,You started liking someone!,It's because of makeup!,!It's from all the holiday jeon!
41064002-5,V,"[""I made an effort today"",""Tried a caramel macchiato""]",160,SMS_4S_V_04_02_01,208,SMS_4S_V_04_03_01,112,SMS_4S_V_04_04_01,How'd it taste?,'I better mark this date on my calendar.,And?
41064003-6,V,"[""I'm getting super serious now"","".Do you like me better with or without glasses?""]",160,SMS_4S_V_06_02_01,112,SMS_4S_V_06_03_01,208,SMS_4S_V_06_04_01,'I was expecting a different question...,That's a serious conundrum!,That's not important.
41064011-5,V,"[""This is unfair"",""2I just show a little more love to the food I like!""]",112,SMS_4S_V_22_02_01,208,SMS_4S_V_22_03_01,160,SMS_4S_V_22_04_01,That's being picky.,The way you said that was cute.,"2So, things like hamburgers and black bean noodles?"
41064012-6,V,"[""Hello"",""]I've regained my perfect skin status by cleansing with vinegar and using various face masks""]",160,SMS_4S_V_24_02_01,208,SMS_4S_V_24_03_01,112,SMS_4S_V_24_04_01,%You're calling yourself... perfect?,#I'm glad your pimple friend left.,5Looks like that vinegar cleanse was really effective.
41064013-5,V,"[""It's that time again"",""6The time when I have to think about what to wear today""]",208,SMS_4S_V_08_02_01,112,SMS_4S_V_08_03_01,160,SMS_4S_V_08_04_01,!You have your own sense of style!,"#So you have that problem, too, huh?","Anything suits you, Taehyung..."
41064018-9,V,"[""!Are submarines really expensive??"",""%Do you know about the 52-hertz whale?""]",208,SMS_4S_V_28_02_01,160,SMS_4S_V_28_03_01,0,0,I do!,I don't know!,
41064020-7,V,"[""O Manager"",""L2. Smile at your reflection until your mouth turns square-shaped easy right?""]",160,SMS_4S_V_20_02_01,112,SMS_4S_V_20_03_01,208,SMS_4S_V_20_04_01,You want me to smile?,%How do I make my mouth square-shaped?,"Wow, so cute!"
41065002-5,V,"[""Manager? I found it"",""Ha it's great""]",104,SMS_5S_V_04_02_01,56,SMS_5S_V_04_03_01,80,SMS_5S_V_04_04_01,What scent is it?,'You were looking for one all this time?,"""Did you go with my recommendation?"
41065002-18,V,"[""Manager? I found it"",""!Do you like lavender too Manager?""]",104,SMS_5S_V_04_05_01,56,SMS_5S_V_04_06_01,80,SMS_5S_V_04_07_01,It's my favorite scent!,I'm allergic to lavender.,'I don't know what that smells like...
41065003-3,V,"[""Strawberries yumyum"",""6Looks good right? Seok Jin hyung picked these himself!""]",104,SMS_5S_V_06_02_01,56,SMS_5S_V_06_03_01,80,SMS_5S_V_06_04_01,Gimme!,I don't really like fruit.,Those strawberries suit you!
41065003-17,V,"[""Strawberries yumyum"",""*Are you familiar with cheat days'...?""]",104,SMS_5S_V_06_05_01,80,SMS_5S_V_06_06_01,56,SMS_5S_V_06_07_01,Let's go eat something yummy.,Don't try to be sneaky!,No?
41065004-2,V,"[""Prepping for bed""]",104,SMS_5S_V_08_02_01,56,SMS_5S_V_08_03_01,80,SMS_5S_V_08_04_01,So handsome!,Sleeping already?,Why would you send this?
41065004-17,V,"[""Prepping for bed"",""A fun story...""]",104,SMS_5S_V_08_05_01,80,SMS_5S_V_08_06_01,56,SMS_5S_V_08_07_01,Once upon a time...,>There's a weird cry coming from the hills behind the dorm...,-According to the latest international news...
41065006-13,V,"[""Taetae Magazine is back"",""SReporter Tae: I heard that you're having trouble sleeping these days. Is this true?""]",104,SMS_5S_V_12_02_01,80,SMS_5S_V_12_03_01,56,SMS_5S_V_12_04_01,Yes it's true,I sleep well,How'd you know?
41065006-27,V,"[""Taetae Magazine is back"",""Reporter""]",56,SMS_5S_V_12_05_01,80,SMS_5S_V_12_06_01,104,SMS_5S_V_12_07_01,What are you doing right now?,%Who's in the practice room right now?,Can you show me Model Tae again?
41065007-16,V,"[""Manager"",""The loser will...""]",56,SMS_5S_V_14_02_01,80,SMS_5S_V_14_03_01,104,SMS_5S_V_14_04_01,Buy food!,Sing a song!,Treat the winner like royalty
41065007-30,V,"[""Manager"",""Your eyes are getting droopy huh""]",56,SMS_5S_V_14_05_01,80,SMS_5S_V_14_06_01,104,SMS_5S_V_14_07_01,I'm really getting sleepy,It makes me feel awake,More please
41065008-16,V,"[""Manager manager"",""YAnd after that we're gonna go for another nighttime walk at the park and feed the pigeons""]",104,SMS_5S_V_16_02_01,56,SMS_5S_V_16_03_01,80,SMS_5S_V_16_04_01,Sounds like a date?,Pigeons again?,That's an impressive schedule
41065008-35,V,"[""Manager manager"","".Then you can't go have fun Manager T_T?? sniff""]",104,SMS_5S_V_16_05_01,56,SMS_5S_V_16_06_01,80,SMS_5S_V_16_07_01,I'll go!,I don't wanna go!,I can't go
41065009-6,V,"[""Following doggy language"",""!so I went and interpreted for him""]",104,SMS_5S_V_10_02_01,80,SMS_5S_V_10_03_01,56,SMS_5S_V_10_04_01,What did the cat say?,That's adorable.,Jimin's so nice.
41065009-15,V,"[""Following doggy language"",""Do you know what that means?""]",56,SMS_5S_V_10_05_01,104,SMS_5S_V_10_06_01,80,SMS_5S_V_10_07_01,Go away!,You're mine!,Feed me!
41065010-12,V,"[""I tried something new today"",""Oh I know loooool""]",104,SMS_5S_V_18_02_01,80,SMS_5S_V_18_03_01,56,SMS_5S_V_18_04_01,You drew something,You took a film photo,Are you saying your face is art?
41065010-22,V,"[""I tried something new today"",""$I channeled my art spirit, like this""]",56,SMS_5S_V_18_05_01,80,SMS_5S_V_18_06_01,104,SMS_5S_V_18_07_01,You're okay with that?,So cool!,Draw me one too!
41065011-3,V,"[""Manager!"",""/Do you happen to know the king of watermelons??""]",80,SMS_5S_V_20_02_01,104,SMS_5S_V_20_03_01,0,0,What?,I know!,
41065011-10,V,"[""Manager!"",""""]",56,SMS_5S_V_20_05_01,80,SMS_5S_V_20_06_01,104,SMS_5S_V_20_07_01,Is it that good?,What? I want some,Isn't it seedless watermelon?
41065013-12,V,"[""Manager!! It's time!!!"",""What should I pick""]",80,SMS_5S_V_22_02_01,104,SMS_5S_V_22_03_01,56,SMS_5S_V_22_04_01,Number 1,Number 2,Number 3
41065013-28,V,"[""Manager!! It's time!!!"",""""]",56,SMS_5S_V_22_05_01,80,SMS_5S_V_22_06_01,104,SMS_5S_V_22_07_01,I'll buy them,I'll pass,Including shipping?
41074002-7,Jungkook,"[""When did you leave, Manager?"",""I was drenched in sweat.""]",208,SMS_4S_Jungkook_04_02_01,112,SMS_4S_Jungkook_04_03_01,160,SMS_4S_Jungkook_04_04_01,Why didn't you turn the AC on?,*It was hot for me and I was just watching.,Is the AC broken?
41074003-5,Jungkook,"[""<Sometimes I think about how great it would be to have wings."","",I want to see and experience tons of things.""]",112,SMS_4S_Jungkook_06_02_01,160,SMS_4S_Jungkook_06_03_01,208,SMS_4S_Jungkook_06_04_01,"8True, you'd be able to do a lot of different things...",Wouldn't your wings get tired?,"'Do everything you want to do, Jeongguk."
41074011-6,Jungkook,"[""Manager I'm used to it now."",""?It looks cool because I give it my own flair, a 90-degree angle""]",160,SMS_4S_Jungkook_22_02_01,112,SMS_4S_Jungkook_22_03_01,208,SMS_4S_Jungkook_22_04_01,&I'm glad you've gotten used to it.,"$What do you mean, a 90-degree angle?",'We agreed to change it to a deep bow...
41074012-6,Jungkook,"[""Do you have any habits, Manager?"","">It's to the point where it feels weird when I don't do it.""]",112,SMS_4S_Jungkook_24_02_01,160,SMS_4S_Jungkook_24_03_01,208,SMS_4S_Jungkook_24_04_01,That's a cute habit.,":I think I've seen you pick at your peach fuzz, Jeongguk!","""Tell me some of your other habits."
41074015-10,Jungkook,"[""!Manager my bag is with you right?"",""3But I bought a new one for you Manager, the perfume""]",208,SNS_4S_Jungkook_28_02_01,160,SNS_4S_Jungkook_28_03_01,112,SNS_4S_Jungkook_28_04_01,Found the perfume!,Why the sudden gift?,-Are you trying to tell me to shower more? lol
41074016-7,Jungkook,"[""5I realized that I was already experiencing true love."",""/just realized just how precious they are to me.""]",160,SMS_4S_Jungkook_18_02_01,208,SMS_4S_Jungkook_18_03_01,112,SMS_4S_Jungkook_18_04_01,2It's a shame that I'm the only one reading this!,I'm included...,You scared me!
41074017-6,Jungkook,"[""FI want to hurry up and be an adult so that I can do everything myself."",""#You should let me take care of you.""]",112,SMS_4S_Jungkook_08_02_01,160,SMS_4S_Jungkook_08_03_01,208,SMS_4S_Jungkook_08_04_01,I'm okay.,"""I think you're grown up already?",Can I cry? T___T
41075002-5,Jungkook,"[""Laundry done!"",""Ah amazing how exhilarating""]",104,SMS_5S_Jungkook_04_02_01,80,SMS_5S_Jungkook_04_03_01,56,SMS_5S_Jungkook_04_04_01,You like laundry that much?,The hyungs didn't help you...?,%Laundry is the most annoying chore...
41075002-17,Jungkook,"[""Laundry done!"",""But I think I have it down now""]",56,SMS_5S_Jungkook_04_05_01,80,SMS_5S_Jungkook_04_06_01,104,SMS_5S_Jungkook_04_07_01,What do your hyungs smell like?,What do I smell like?,"!I know your smell, too, Jeongguk."
41075003-6,Jungkook,"[""Wow"",""!When I said I'd fool the hyungs""]",104,SMS_5S_Jungkook_06_02_01,80,SMS_5S_Jungkook_06_03_01,56,SMS_5S_Jungkook_06_04_01,Willfull Jeon Jeongguk!,0Are you sure they didn't pretend to be fooled?,$You must be overflowing with energy.
41075003-19,Jungkook,"[""Wow"",""Try guessing""]",80,SMS_5S_Jungkook_06_05_01,80,SMS_5S_Jungkook_06_06_01,104,SMS_5S_Jungkook_06_07_01,Taehyung?,Jimin?,Seok Jin?
41075004-6,Jungkook,"[""Manager"",""Promise?""]",80,SMS_5S_Jungkook_08_02_01,104,SMS_5S_Jungkook_08_03_01,56,SMS_5S_Jungkook_08_04_01,Pinky promise!,1No! I want to decide after I find out what it is.,I'm suspicious...
41075004-17,Jungkook,"[""Manager"",""Which one is better?""]",80,SMS_5S_Jungkook_08_05_01,80,SMS_5S_Jungkook_08_06_01,104,SMS_5S_Jungkook_08_07_01,The top one!,The bottom one!,I can't choose...
41075006-5,Jungkook,"[""Wooooowww"",""I made hotteok""]",56,SMS_5S_Jungkook_12_02_01,80,SMS_5S_Jungkook_12_03_01,104,SMS_5S_Jungkook_12_04_01,I'm drooling,You really made all of them?,That's not that many
41075006-21,Jungkook,"[""Wooooowww"",""'I don't know how I'm gonna eat them all""]",56,SMS_5S_Jungkook_12_05_01,104,SMS_5S_Jungkook_12_06_01,80,SMS_5S_Jungkook_12_07_01,Are you teasing me?,Guess I can eat them for you,You can eat them all
41075007-3,Jungkook,"[""I had a dream about you Manager"",""Hehe""]",80,SMS_5S_Jungkook_14_02_01,104,SMS_5S_Jungkook_14_03_01,56,SMS_5S_Jungkook_14_04_01,#Maybe I should charge you royalties,You think about me a lot huh,Better buy a lottery ticket
41075007-16,Jungkook,"[""I had a dream about you Manager"",""What kind of dream it was""]",104,SMS_5S_Jungkook_14_05_01,80,SMS_5S_Jungkook_14_06_01,56,SMS_5S_Jungkook_14_07_01,Something sad!,Something enjoyable!,Something scary!
41075008-6,Jungkook,"[""Manager when are you done?"",""'Plump potato dumplings with chewy skins""]",56,SMS_5S_Jungkook_10_02_01,104,SMS_5S_Jungkook_10_03_01,80,SMS_5S_Jungkook_10_04_01,!That's kind of big for a snack?,Sorry for making you wait...,"A bite, please!"
41075008-19,Jungkook,"[""Manager when are you done?"",""That's what I thought""]",80,SMS_5S_Jungkook_10_05_01,104,SMS_5S_Jungkook_10_06_01,56,SMS_5S_Jungkook_10_07_01,No...,You're right! Just kidding.,Okay! Let's eat together.
41075009-3,Jungkook,"[""Today's fiery friday"",""#What are you going to do after work""]",80,SMS_5S_Jungkook_16_02_01,56,SMS_5S_Jungkook_16_03_01,104,SMS_5S_Jungkook_16_04_01,Study!,Work never ends...,I'm gonna rest
41075009-23,Jungkook,"[""Today's fiery friday"",""Ah I'm so bored""]",80,SMS_5S_Jungkook_16_05_01,56,SMS_5S_Jungkook_16_06_01,104,SMS_5S_Jungkook_16_07_01,Call up some different hyungs,'You're good at having fun by yourself,Let's go out and have fun
41075010-10,Jungkook,"[""Where's the new"",""So I'm organizing""]",80,SMS_5S_Jungkook_18_02_01,104,SMS_5S_Jungkook_18_03_01,56,SMS_5S_Jungkook_18_04_01,Cleaning Fairy Jeon Jeongguk,What's going on?,Are you all deep-cleaning?
41075010-20,Jungkook,"[""Where's the new"",""It's going well""]",80,SMS_5S_Jungkook_18_05_01,104,SMS_5S_Jungkook_18_06_01,56,SMS_5S_Jungkook_18_07_01,I don't need to help?,I don't believe you,Photo proof!
41075011-7,Jungkook,"["",Jeongguk is the AC in the dorm working well?"","")Ah Manager you don't know what tbh is huh""]",104,SMS_5S_Jungkook_20_02_01,80,SMS_5S_Jungkook_20_03_01,0,0,Of course I do,I've heard of it,
41075011-17,Jungkook,"["",Jeongguk is the AC in the dorm working well?"",""BBut I feel really good when my clothes are neatly sorted like that""]",56,SMS_5S_Jungkook_20_05_01,104,SMS_5S_Jungkook_20_06_01,80,SMS_5S_Jungkook_20_07_01,I totally agree,I should learn from you,I'm too old for that
41075013-6,Jungkook,"[""Sizzle sizzle"",""<Loool are you making Korean jeon? I have a feeling it's...""]",80,SMS_5S_Jungkook_22_02_01,56,SMS_5S_Jungkook_22_03_01,104,SMS_5S_Jungkook_22_04_01,Pollack jeon,Sanjeok skewers,Round meatball patties
41075013-27,Jungkook,"[""Sizzle sizzle"",""played games heheh""]",80,SMS_5S_Jungkook_22_05_01,56,SMS_5S_Jungkook_22_06_01,104,SMS_5S_Jungkook_22_07_01,Games again?,I wanna log on too,It's really that fun?
51010101-7,Jin,"[""Knock knock knock"",""...for my Favorite""]",104,SMS_I_Jin_01_02_01,56,SMS_I_Jin_01_03_01,80,SMS_I_Jin_01_04_01,Who?,Me?,The other members?
51010101-15,Jin,"[""Knock knock knock"",""It's not here yet""]",56,SMS_I_Jin_01_05_01,104,SMS_I_Jin_01_06_01,80,SMS_I_Jin_01_07_01,Takeout isn't good for you.,Enjoy your food.,What about mine?
51010201-14,Jin,"["",Seok Jin, what do you guys have at the dorm?"",""Hahahaha""]",160,SMS_I_Jin_02_02_01,112,SMS_I_Jin_02_03_01,208,SMS_I_Jin_02_04_01,.Where's the extremely good looking beefcake?,Are you referring to yourself?,I knew that already.
51010301-6,Jin,"[""Manager"",""...Seok Jin is hungry, too""]",80,SMS_I_Jin_03_02_01,104,SMS_I_Jin_03_03_01,0,0,I'm busy today.,I'll stop by later.,
51010301-20,Jin,"[""Manager"",""Help us""]",80,SMS_I_Jin_03_05_01,104,SMS_I_Jin_03_06_01,0,0,Do your best.,Order some chicken...,
51010401-8,Jin,"["",TrendyTerms.<color=#42b7fe>zip</color>"",""\""Do you know what same' means?""]",160,SMS_I_Jin_04_02_01,208,SMS_I_Jin_04_03_01,0,0,Of course!,No...,
51010801-8,Jin,"[""Manager."",""+There's such thing as Managers' Day...?""]",160,SMS_I_Jin_08_02_01,208,SMS_I_Jin_08_03_01,0,0,Thanks!,",You're pulling my leg again, aren't you?",
51020101-7,Suga,"[""Yunki, what are you up to"",""I just saw this""]",160,SMS_I_Suga_01_02_01,112,SMS_I_Suga_01_03_01,208,SMS_I_Suga_01_04_01,What were you doing,Were you sleeping?,So you didn't block me
51020201-15,Suga,"[""Manager."",""And it's not mine...?""]",160,SMS_I_Suga_02_02_01,208,SMS_I_Suga_02_03_01,0,0,"!Sorry, I must have mixed them up.",&Are you sure you didn't mix them up?,
51020301-14,Suga,"[""Mr. Min Yunki"",""Loooool""]",160,SMS_I_Suga_03_02_01,208,SMS_I_Suga_03_03_01,112,SMS_I_Suga_03_04_01,Did you eat anything at least?,!You should hurry up and go to bed,So cute lol!
51020401-8,Suga,"[""-Whose idea was the massage chair in the dorm?"",""I'm joking, jeez""]",208,SMS_I_Suga_04_02_01,160,SMS_I_Suga_04_03_01,0,0,Making good use of it?,I didn't buy it.,
51020601-10,Suga,"[""When are you going to send"",""(I'd like to be a radio DJ or something""]",104,SMS_I_Suga_06_02_01,80,SMS_I_Suga_06_03_01,0,0,!I think you'd make a great one.,I can't imagine you being one.,
51020601-22,Suga,"[""When are you going to send"",""How is it?""]",80,SMS_I_Suga_06_05_01,104,SMS_I_Suga_06_06_01,0,0,%Shouldn't you be a bit more polite?,I'm gonna sue you...,
51030101-16,J-Hope,"[""Hoseok, what are you up to?"","",Yeaaah! I sounded really cool just now, huh?""]",208,SMS_I_J-hope_01_02_01,160,SMS_I_J-hope_01_03_01,0,0,Yes of course!,Come on...,
51030201-23,J-Hope,"[""Hoseok"",""But...""]",208,SMS_I_J-hope_02_02_01,160,SMS_I_J-hope_02_03_01,0,0,Are you holding out on me?,I'm still really curious...,
51030301-27,J-Hope,"[""Manager."",""I can go right???""]",208,SMS_I_J-hope_03_02_01,160,SMS_I_J-hope_03_03_01,0,0,This is a bad idea.,Of course! Have fun!,
51030501-12,J-Hope,"["""",""Loool what is this"",""My mini-bag charm ahahahah""]",80,SMS_I_J-hope_05_02_01,104,SMS_I_J-hope_05_03_01,0,0,"No, put it away...",What's the third?,
51030501-26,J-Hope,"["""",""Loool what is this""]",104,SMS_I_J-hope_05_05_01,80,SMS_I_J-hope_05_06_01,0,0,Of course I remember!,What notebook?,
51030701-15,J-Hope,"[""Hoseok"",""Was it really that obvious? Hehe""]",104,SMS_I_J-hope_07_02_01,80,SMS_I_J-hope_07_03_01,0,0,Not really.,Just a little bit.,
51030701-30,J-Hope,"[""Hoseok"",""/Bangtan's official Hope can't be mopey, heh""]",104,SMS_I_J-hope_07_05_01,80,SMS_I_J-hope_07_06_01,56,SMS_I_J-hope_07_07_01,It's okay.,Thank you.,Sorry.
51040101-8,RM,"[""Manager, are you busy?"",""QSo, I don't know if it's accurate to say we're on the same wavelength'""]",160,SMS_I_RM_01_02_01,112,SMS_I_RM_01_03_01,208,SMS_I_RM_01_04_01,What the...,I was just joking,You have a point
51040201-16,RM,"[""Namjun"",""Oh, I know!!!""]",80,SMS_I_RM_02_02_01,104,SMS_I_RM_02_03_01,56,SMS_I_RM_02_04_01,The Dignity of a Wise Leader,How to Become a Sexy Guy,How Mensa Members Live
51040201-25,RM,"[""Namjun"",""I'm almost done with it!""]",104,SMS_I_RM_02_05_01,80,SMS_I_RM_02_06_01,0,0,That sounds perfect for you.,+Why do you need a book to learn about that?,
51040301-9,RM,"[""I found the book!"",""3And <color=#42b7fe>tadaaa</color>! It was in there!""]",56,SMS_I_RM_03_02_01,80,SMS_I_RM_03_03_01,104,SMS_I_RM_03_04_01,You smashed a drawer...?,Good thing you found it,"You're not hurt, are you?"
51040301-19,RM,"[""I found the book!"",""dI found my diary from back when we first met. I've been looking all over for it, and there it was!""]",104,SMS_I_RM_03_05_01,80,SMS_I_RM_03_06_01,0,0,/Did you write down your first impression of me?,?Did you write down your first impressions of the other members?,
51040401-9,RM,"[""Namjun!"",""A beast...?""]",80,SMS_I_RM_04_02_01,104,SMS_I_RM_04_03_01,56,SMS_I_RM_04_04_01,A cold?,A slump?,Is it Taehyung?
51040401-19,RM,"[""Namjun!"",""You can do it, Manager""]",104,SMS_I_RM_04_05_01,80,SMS_I_RM_04_06_01,0,0,I'll try.,I can't.,
51040701-9,RM,"[""Manager!"",""/Anyway, anyway... Which one do you like better?""]",80,Video_I_RM_07_02_01,104,Video_I_RM_07_03_01,56,Video_I_RM_07_04_01,Where are you going?,Who are you meeting?,Why are you asking me?
51040701-16,RM,"[""Manager!"",""Hurry up and choose one!!!""]",104,Video_I_RM_07_05_01,56,Video_I_RM_07_06_01,80,Video_I_RM_07_07_01,Left,Right,#You must really like these clothes.
51050101-3,Jimin,"[""Jimin. Where are you?"",""*Hello Manager. I'm in the practice room.""]",104,SMS_I_Jimin_01_02_01,56,SMS_I_Jimin_01_03_01,80,SMS_I_Jimin_01_04_01,!You don't have to be so formal!,You replied almost immediately!,Why are you there?
51050101-14,Jimin,"[""Jimin. Where are you?"",""CIf I'm not working hard, I feel like I'm doing something wrong!""]",104,SMS_I_Jimin_01_05_01,80,SMS_I_Jimin_01_06_01,0,0,Why would you say that?,Why do you think that?,
51050201-3,Jimin,"["""",""Manager... You did this, right?""]",80,SMS_I_Jimin_02_02_01,104,SMS_I_Jimin_02_03_01,56,SMS_I_Jimin_02_04_01,Have I been found out already?,#Enjoy it and good luck at practice!,I found it on my way here.
51050201-15,Jimin,"["""",""Manager... You did this, right?"",""Old? That's sure not me haha""]",80,SMS_I_Jimin_02_05_01,56,SMS_I_Jimin_02_06_01,104,SMS_I_Jimin_02_07_01,What's your favorite food?,What's your favorite game?,What kind of videos do you like?
51050301-7,Jimin,"[""Manager T_T"",""7It looks hungry but I can't feed it just anything T_T""]",160,SMS_I_Jimin_03_02_01,208,SMS_I_Jimin_03_03_01,112,SMS_I_Jimin_03_04_01,Cat food!,Chicken breast!,Yummy snacks!
51050601-7,Jimin,"[""0Jimin! I heard you went somewhere with Jeongguk!"",""Guess what we're doing! Hehe""]",56,SMS_I_Jimin_06_02_01,104,SMS_I_Jimin_06_03_01,80,SMS_I_Jimin_06_04_01,Going to the shooting range?,Playing a shooter game?,I don't know...
51050601-16,Jimin,"[""0Jimin! I heard you went somewhere with Jeongguk!"",""But it's fun, lol!""]",56,SMS_I_Jimin_06_05_01,80,SMS_I_Jimin_06_06_01,104,SMS_I_Jimin_06_07_01,Focus on the game!,Does Jeongguk scold you?,#It's fine if you're having fun!
51050801-4,Jimin,"[""Why are you so kind, Jimin?"","":Being so kind to a street cat you've never met before...""]",104,SMS_I_Jimin_08_02_01,56,SMS_I_Jimin_08_03_01,80,SMS_I_Jimin_08_04_01,"6If love was a person I wonder if it'd be you, Jimin.",I want to be a street cat...,&How did you become such a kind person?
51050801-14,Jimin,"[""Why are you so kind, Jimin?"",""Hating people is distressing""]",80,SMS_I_Jimin_08_05_01,104,SMS_I_Jimin_08_06_01,0,0,I kind of enjoy it...,I understand how you feel!,
51060101-12,V,"[""Taehyung"",""Do you know why, Manager?""]",160,SMS_I_V_01_02_01,208,SMS_I_V_01_03_01,112,SMS_I_V_01_04_01,"&I'm not sure, I don't know either.","What do you think, Taehyung?",8It's because of the color violet's refractive index.
51060201-15,V,"[""I figured it out"",""How does that sound?""]",208,SMS_I_V_02_02_01,160,SMS_I_V_02_03_01,112,SMS_I_V_02_04_01,It's great!,That's grand.,I'm not so sure...
51060301-8,V,"[""EDon't you think it would be possible to play EDM using a saxophone?"",""Oh, and also... Hm...""]",56,SMS_I_V_03_02_01,80,SMS_I_V_03_03_01,104,SMS_I_V_03_04_01,"+You really are 4-dimensional, aren't you.",Is your blood type AB?,";Your mind moves so fast, Taehyung, the world can't keep up!"
51060301-19,V,"[""EDon't you think it would be possible to play EDM using a saxophone?"",""Cypher cypher!""]",104,SMS_I_V_03_05_01,80,SMS_I_V_03_06_01,0,0,"%Do whatever you want to do, Taehyung!",Rap? Will you be able to...,
51060601-18,V,"[""Taehyung where are you?"",""&Am I a little difficult to understand?""]",160,SMS_I_V_06_02_01,208,SMS_I_V_06_03_01,112,SMS_I_V_06_04_01,It can seem that way sometimes.,%That's what's charming about you.,"Nope, not at all!"
51060701-24,V,"[""???"",""Stuff like that""]",160,SMS_I_V_07_02_01,112,SMS_I_V_07_03_01,208,SMS_I_V_07_04_01,Can I use it now?,I want to save it!,You're going to do anything?
51070101-8,Jungkook,"[""Jeongguk"",""I can get items if I invite you.""]",53,SMS_I_Jungkook_01_02_01,69,SMS_I_Jungkook_01_03_01,0,0,I feel used.,"Invite me all you want, then.",
51070101-23,Jungkook,"[""Jeongguk"",""Is GeniusManager you, Manager?""]",69,SMS_I_Jungkook_01_05_01,53,SMS_I_Jungkook_01_06_01,0,0,Who else would it be?,Have you been paying attention?,
51070101-33,Jungkook,"[""Jeongguk"",""*..Thank you..*""]",53,SMS_I_Jungkook_01_08_01,69,SMS_I_Jungkook_01_09_01,0,0,You don't like it?,"Alright, thanks.",
51070301-9,Jungkook,"[""Jeongguk"",""Ah... I mean, it's good.""]",104,SMS_I_Jungkook_03_02_01,56,SMS_I_Jungkook_03_03_01,80,SMS_I_Jungkook_03_04_01,"0You're playing a game right now, aren't you?",Wow rekt,I thought you were a robot!
51070301-21,Jungkook,"[""Jeongguk"",""Yesyesyesyesyesyes""]",104,SMS_I_Jungkook_03_05_01,80,SMS_I_Jungkook_03_06_01,56,SMS_I_Jungkook_03_07_01,"That much, huh?",Me or lamb kebabs?,Never mind.
51070501-8,Jungkook,"[""The hyungs made fun of me."",""0Even though Namjun hyung's done this before...""]",80,SMS_I_Jungkook_05_02_01,104,SMS_I_Jungkook_05_03_01,0,0,That was mean!,!They do it because you're cute.,
51070501-25,Jungkook,"[""The hyungs made fun of me."",""I didn't think you'd come.""]",80,SMS_I_Jungkook_05_05_01,104,SMS_I_Jungkook_05_06_01,0,0,Don't forget next time.,How could I not?,
51070601-4,Jungkook,"[""Manager"",""What do I hate the MOST?""]",104,SMS_I_Jungkook_06_02_01,80,SMS_I_Jungkook_06_03_01,56,SMS_I_Jungkook_06_04_01,Bugs.,Mondays.,All the conflict in the world.
51070601-13,Jungkook,"[""Manager"",""&Made me realize what I really dislike.""]",80,SMS_I_Jungkook_06_05_01,104,SMS_I_Jungkook_06_06_01,56,SMS_I_Jungkook_06_07_01,Waking up early?,Jimin?,Dieting?
51070701-13,Jungkook,"[""Look at this"",""Pfft.""]",112,SMS_I_Jungkook_07_02_01,208,SMS_I_Jungkook_07_03_01,160,SMS_I_Jungkook_07_04_01,"Sure, sure.","%A little arrogant today, aren't we?","Your face is #1, too."
