11040104-4,RM,"[""Hello. This is Kim Namjun.""]",91,SMS_M_RM_01_02_01,156,SMS_M_RM_01_03_01,130,SMS_M_RM_01_04_01,How'd you get my number?,Are you really Kim Namjun?,This isn't a dream... Right?
11040104-11,RM,"[""Hello. This is Kim Namjun."",""KThe employee person told me I should text and call this number from now on.""]",156,SMS_M_RM_01_05_01,130,SMS_M_RM_01_06_01,91,SMS_M_RM_01_07_01,",I guess I am their replacement, after all...",$Are you sure this isn't a mistake?,&Does that mean I can keep texting you?
11030112-10,J-Hope,"[""I called on accident..."",""What did you hear me say? T_T""]",156,SMS_M_J-hope_05_02_01,130,SMS_M_J-hope_05_03_01,91,SMS_M_J-hope_05_04_01,From the beginning.,;The part where you were saying Fighting!' to yourself.,"Psh, I heard nothing!"
11050119-5,Jimin,"[""Jimin, is your knee okay?"",""8I put on the band-aid you gave me Manager Thank you hehe""]",91,SMS_M_Jimin_10_02_01,130,SMS_M_Jimin_10_03_01,156,SMS_M_Jimin_10_04_01,Be careful next time.,!Let's go to the emergency room!,Stop getting hurt...
11040217-7,RM,"[""Manager... Are you sleeping?"",""!Taehyung must've felt terrible.""]",91,SMS_M_RM_20_02_01,130,SMS_M_RM_20_03_01,156,SMS_M_RM_20_04_01,He didn't look too happy.,He looked okay?,"6Namjun, you look like you're having a hard time too."
11040217-21,RM,"[""Manager... Are you sleeping?"",""+What can I do to make Taehyung feel better?""]",156,SMS_M_RM_20_05_01,130,SMS_M_RM_20_06_01,91,SMS_M_RM_20_07_01,How about a sincere apology?,Buy him a burger combo?,AInclude glass mentality <color=#42b7fe>boy</color> in the lyrics.
11070305-7,Jungkook,"[""Manager."",""It was fun hehe""]",130,SMS_M_Jungkook_23_02_01,91,SMS_M_Jungkook_23_03_01,156,SMS_M_Jungkook_23_04_01,%Are you sure you weren't surprised?,"Psh, you did fall for it!",I'm happy that you had fun!
11070305-15,Jungkook,"[""Manager."",""8I was able to shake it off thanks to you and the hyungs.""]",156,SMS_M_Jungkook_23_05_01,130,SMS_M_Jungkook_23_06_01,91,SMS_M_Jungkook_23_07_01,Why are you sorry?,So is it time to go record?,The hyungs or me?
11020409-6,Suga,"[""6Thankfully the troll hasn't posted any more, Manager"",""!I think it's safe to relax now!""]",156,SMS_M_Suga_32_02_01,130,SMS_M_Suga_32_03_01,0,0,"1Huh? It's the most handsome of them all, Yunki!",I wasn't worried at all?,
11020409-16,Suga,"[""6Thankfully the troll hasn't posted any more, Manager"",""QThe other members are sad that their first fan hasn't been commenting lately...""]",156,SMS_M_Suga_32_05_01,130,SMS_M_Suga_32_06_01,0,0,-Should I reveal their first fan's identity?,.How about you comment using your real account?,
11020409-23,Suga,"[""6Thankfully the troll hasn't posted any more, Manager"","":You seem so nice, Manager, but that's cold! T_T shupshup""]",156,SMS_M_Suga_32_08_01,130,SMS_M_Suga_32_09_01,91,SMS_M_Suga_32_10_01,Sorry... I'll stop teasing!,#Do you want me to keep it a secret?,3You don't sound like your usual self... Shupshup?
11010505-4,Jin,"[""Manager... Are you busy?""]",130,SMS_M_Jin_36_02_01,156,SMS_M_Jin_36_03_01,0,0,Nope nope not at all!,&A little but it's okay. What's up?,
11010505-12,Jin,"[""Manager... Are you busy?"","")Wait... This sounds a lot like a goodbye?""]",156,SMS_M_Jin_36_05_01,130,SMS_M_Jin_36_06_01,0,0,I don't understand?,This is so sudden!,
11070611-13,Jungkook,"[""Jeongguk"",""That's shocking.""]",156,SMS_M_Jungkook_48_02_01,0,SMS_M_Jungkook_48_03_01,0,0,You've grown!,You're becoming an adult!,
11070611-26,Jungkook,"[""Jeongguk"","")Do you really want me to grow up so fast?""]",156,SMS_M_Jungkook_48_05_01,0,SMS_M_Jungkook_48_06_01,0,0,No.....,Yes!!!!!,
41014002-11,Jin,"[""Manager"",""but it's killing me""]",91,SMS_4S_Jin_04_02_01,156,SMS_4S_Jin_04_03_01,130,SMS_4S_Jin_04_04_01,8They're doing it because they like you. Hang in there!,Do you want to go get dinner?,Leave the maknaes to me!
41014003-10,Jin,"[""Manager"",""'Am I beautiful or are flowers beautiful""]",91,SMS_4S_Jin_06_02_01,130,SMS_4S_Jin_06_03_01,156,SMS_4S_Jin_06_04_01,Both are beautiful!,"Seok Jin, you're beautiful!",Flowers are beautiful!
41014007-8,Jin,"[""I have to steel myself"",""Just like Snow White!""]",156,SMS_4S_Jin_14_02_01,91,SMS_4S_Jin_14_03_01,0,SMS_4S_Jin_14_04_01,I'll be your prince!,",Fairy tales are exactly that, fairy tales...",.That makes me feel calm for some weird reason?
41014010-10,Jin,"[""2You've had a hard time lately, haven't you Manager"",""No, you should say it""]",156,SMS_4S_Jin_20_02_01,130,SMS_4S_Jin_20_03_01,91,SMS_4S_Jin_20_04_01,"'To be honest, I'm having a hard time.",%I feel more energetic when I see you!,'I'll make sure to speak up next time.
41014011-10,Jin,"[""'Sometimes I wish I could be young again"",""HThe lollipops they would sell at the stationery store in front of school""]",130,SMS_4S_Jin_22_02_01,91,SMS_4S_Jin_22_03_01,156,SMS_4S_Jin_22_04_01,"I liked those, too!",Jellies are a whole lot better!,Do you want me to buy you some?
41014012-9,Jin,"[""\""Manager I'm back at the dorm now"","".And I don't like that kind of mood either...""]",130,SMS_4S_Jin_24_02_01,156,SMS_4S_Jin_24_03_01,0,0,",Your health is more important than the mood.",/You care so much about the people around you...,
41024001-11,Suga,"["")My stomach hurt so I went to the hospital"",""When I want to relieve stress""]",156,SMS_4S_Suga_02_02_01,91,SMS_4S_Suga_02_03_01,130,SMS_4S_Suga_02_04_01,I eat spicy food.,I watch scary movies.,I think of you guys!
41024003-12,Suga,"[""Did you eat dinner?"",""You don't want to?""]",130,SMS_4S_Suga_06_02_01,156,SMS_4S_Suga_06_03_01,91,SMS_4S_Suga_06_04_01,Great!! I'll be right out.,.I thought you didn't like that kind of food?,I don't feel so good today...
41024005-9,Suga,"[""I should get glasses"",""They ask me if I'm mad""]",91,SMS_4S_Suga_10_02_01,130,SMS_4S_Suga_10_03_01,156,SMS_4S_Suga_10_04_01,"""Are you sure people misunderstand?",'I think glasses would look nice on you!,%I like you better without glasses T_T
41024010-9,Suga,"[""1I wish there were fancams of you dancing, Manager"",""I need a new source of amusement""]",130,SMS_4S_Suga_20_02_01,91,SMS_4S_Suga_20_03_01,156,SMS_4S_Suga_20_04_01,*I don't think my fancams would be funny.,"*I watch your fancams too sometimes, Yunki.",!Well... Whatever makes you laugh.
41024011-9,Suga,"[""6I take that back I don't want to be reborn as a rock"",""8I don't think there's anything as fun or interesting""]",130,SMS_4S_Suga_22_02_01,91,SMS_4S_Suga_22_03_01,156,SMS_4S_Suga_22_04_01,I'm crying.,Did something happen?,.Wouldn't it be fun to live a different life?
41024012-11,Suga,"[""#Whenever I see Jeongguk eat so well"",""That's how in sync we are""]",130,SMS_4S_Suga_24_02_01,156,SMS_4S_Suga_24_03_01,91,SMS_4S_Suga_24_04_01,That sounds pricey.,I'll buy next time!,You guys get along so well!
41034001-10,J-Hope,"[""Managerrr"",""So fragrant!! So pretty!!""]",156,SMS_4S_J-hope_02_02_01,91,SMS_4S_J-hope_02_03_01,130,SMS_4S_J-hope_02_04_01,How beautiful!,Must've cost a fortune...,Why do you need flowers?
41034003-15,J-Hope,"[""I had a weird dream"",""\""I'm so glad you're our manager""]",130,SMS_4S_J-hope_06_02_01,91,SMS_4S_J-hope_06_03_01,156,SMS_4S_J-hope_06_04_01,I'm more thankful.,That sounds like a fun dream...,;I think you feel a lot of pressure being the Dance Captain.
41034007-6,J-Hope,"[""Manager"",""Rainy days?? Hm...""]",156,SMS_4S_J-hope_14_02_01,130,SMS_4S_J-hope_14_03_01,0,0,I do!,"No, I don't...",
41034009-15,J-Hope,"["")We did a deep clean of the dorms today..."",""I want some chicken >_<""]",156,SMS_4S_J-hope_18_02_01,0,SMS_4S_J-hope_18_03_01,0,SMS_4S_J-hope_18_04_01,Order some!,You had chicken yesterday!,It's not good for you...
41034011-8,J-Hope,"[""7T_____________________________________________________T"",""OAnd it's stuck somewhere in the middle of the Pacific Ocean... What do I do?!""]",91,SMS_4S_J-hope_22_02_01,130,SMS_4S_J-hope_22_03_01,156,SMS_4S_J-hope_22_04_01,Time to give up...,I'll sort it out.,$Be patient and wait a little longer.
41034012-12,J-Hope,"[""M a n a g e r..."",""5I'm itching to do something and I can't stand it!""]",130,SMS_4S_J-hope_24_02_01,156,SMS_4S_J-hope_24_03_01,91,SMS_4S_J-hope_24_04_01,"(Still, rest up when you have the chance.",'Try practicing some light choreography?,"""Hoseok, you're a practice fiend!"
41044002-12,RM,"[""&The bird fights its way out of the egg"",""Ha... Cool, right?""]",156,SMS_4S_RM_04_02_01,91,SMS_4S_RM_04_03_01,130,SMS_4S_RM_04_04_01,"Yeah, it's so cool!",What does that mean?,My head hurts...
41044003-7,RM,"[""0Manager thanks for suggesting that I go on walks"",""Lately I've been wandering around at night, through grassy fields, next to the river, on the hiking trails in the mountains...""]",130,SMS_4S_RM_06_02_01,156,SMS_4S_RM_06_03_01,91,SMS_4S_RM_06_04_01,.Isn't it dangerous to wander alone at night?,"I wanna go, too!",")Emotionally expressive as always, Namjun."
41044008-7,RM,"[""Did you know?"",""FNo one noticed, but there's a new caf that opened up near our dorm""]",130,SMS_4S_RM_16_02_01,0,SMS_4S_RM_16_03_01,91,SMS_4S_RM_16_04_01,Did you go?,How are the prices?,I didn't notice at all.
41044011-12,RM,"[""Do you want to cool off"","">Is there anything in particular you want to do there, Manager?""]",130,SMS_4S_RM_22_02_01,156,SMS_4S_RM_22_03_01,91,SMS_4S_RM_22_04_01,Eat chicken!,Go for a walk!,Watch buskers perform!
41044012-11,RM,"[""I want to ask you something"",""\""How many points would you give me?""]",156,SMS_4S_RM_24_02_01,91,SMS_4S_RM_24_03_01,130,SMS_4S_RM_24_04_01,100 points!,No points.,I can't tell you.
41054002-8,Jimin,"[""Why are they doing this... T_T"",""\""Why are they doing this to me? T_T""]",130,SMS_4S_Jimin_04_02_01,156,SMS_4S_Jimin_04_03_01,0,SMS_4S_Jimin_04_04_01,It's because you're so cute.,"""I want to play pranks on you, too.",Teach them a lesson!
41054003-7,Jimin,"[""Did you know?"",""BAnd there's supposed to be something really really really sour!!""]",130,SMS_4S_Jimin_06_02_01,91,SMS_4S_Jimin_06_03_01,156,SMS_4S_Jimin_06_04_01,"Your favorite flavor, Jimin!",I can feel your excitement!,Should we go check it out?
41054005-6,Jimin,"[""LI feel super refreshed after working out, sweating, and then showering loool"",""*Yeah lol! It's great picking it up again""]",130,SMS_4S_Jimin_10_02_01,156,SMS_4S_Jimin_10_03_01,91,SMS_4S_Jimin_10_04_01,"%How long did you do kendo for, again?",*The kendo uniform looks so good on you >_<,+Aren't you going a little too frequently?
41054006-6,Jimin,"[""Manager when you look at me"",""FI made a bet with the other members about what you'd say! Hurry lol!""]",156,SMS_4S_Jimin_12_02_01,130,SMS_4S_Jimin_12_03_01,91,SMS_4S_Jimin_12_04_01,"Puppy, cat...",Mang-gae-ddeok!,Your parents?
41054009-7,Jimin,"[""LIt'd be better to take long sleeves if I'm going to the mountains right?"",""KHahaha we played a game and I have to do the punishment... Go hiking alone!""]",156,SMS_4S_Jimin_18_02_01,130,SMS_4S_Jimin_18_03_01,91,SMS_4S_Jimin_18_04_01,Hiking... Sounds fun!,Such a heartless competition...,%Are you sure it isn't match fixing?
41054011-7,Jimin,"[""&Isn't today's weather really nice?"",""I really want to go somewhere""]",156,SMS_4S_Jimin_22_02_01,130,SMS_4S_Jimin_22_03_01,91,SMS_4S_Jimin_22_04_01,Like... the ocean?,Like... the mountains?,"$Wherever it is, let's go together!"
41064002-7,V,"[""I made an effort today"",""Tried a caramel macchiato""]",130,SMS_4S_V_04_02_01,156,SMS_4S_V_04_03_01,91,SMS_4S_V_04_04_01,How'd it taste?,'I better mark this date on my calendar.,And?
41064003-8,V,"[""I'm getting super serious now"","".Do you like me better with or without glasses?""]",130,SMS_4S_V_06_02_01,91,SMS_4S_V_06_03_01,156,SMS_4S_V_06_04_01,'I was expecting a different question...,That's a serious conundrum!,That's not important.
41064004-7,V,"[""It's that time again"",""6The time when I have to think about what to wear today""]",156,SMS_4S_V_08_02_01,91,SMS_4S_V_08_03_01,130,SMS_4S_V_08_04_01,!You have your own sense of style!,"#So you have that problem, too, huh?","Anything suits you, Taehyung..."
41064010-9,V,"[""O Manager"",""L2. Smile at your reflection until your mouth turns square-shaped easy right?""]",130,SMS_4S_V_20_02_01,91,SMS_4S_V_20_03_01,156,SMS_4S_V_20_04_01,You want me to smile?,%How do I make my mouth square-shaped?,"Wow, so cute!"
41064011-7,V,"[""This is unfair"",""2I just show a little more love to the food I like!""]",91,SMS_4S_V_22_02_01,156,SMS_4S_V_22_03_01,130,SMS_4S_V_22_04_01,That's being picky.,The way you said that was cute.,"2So, things like hamburgers and black bean noodles?"
41064012-8,V,"[""Hello"",""]I've regained my perfect skin status by cleansing with vinegar and using various face masks""]",130,SMS_4S_V_24_02_01,156,SMS_4S_V_24_03_01,91,SMS_4S_V_24_04_01,%You're calling yourself... perfect?,#I'm glad your pimple friend left.,5Looks like that vinegar cleanse was really effective.
41074002-9,Jungkook,"[""When did you leave, Manager?"",""I was drenched in sweat.""]",156,SMS_4S_Jungkook_04_02_01,91,SMS_4S_Jungkook_04_03_01,130,SMS_4S_Jungkook_04_04_01,Why didn't you turn the AC on?,*It was hot for me and I was just watching.,Is the AC broken?
41074003-7,Jungkook,"[""<Sometimes I think about how great it would be to have wings."","",I want to see and experience tons of things.""]",91,SMS_4S_Jungkook_06_02_01,130,SMS_4S_Jungkook_06_03_01,156,SMS_4S_Jungkook_06_04_01,"8True, you'd be able to do a lot of different things...",Wouldn't your wings get tired?,"'Do everything you want to do, Jeongguk."
41074004-8,Jungkook,"[""FI want to hurry up and be an adult so that I can do everything myself."",""#You should let me take care of you.""]",91,SMS_4S_Jungkook_08_02_01,130,SMS_4S_Jungkook_08_03_01,156,SMS_4S_Jungkook_08_04_01,I'm okay.,"""I think you're grown up already?",Can I cry? T___T
41074009-10,Jungkook,"[""5I realized that I was already experiencing true love."",""/just realized just how precious they are to me.""]",130,SMS_4S_Jungkook_18_02_01,0,SMS_4S_Jungkook_18_03_01,0,SMS_4S_Jungkook_18_04_01,2It's a shame that I'm the only one reading this!,I'm included...,You scared me!
41074011-8,Jungkook,"[""Manager I'm used to it now."",""?It looks cool because I give it my own flair, a 90-degree angle""]",130,SMS_4S_Jungkook_22_02_01,91,SMS_4S_Jungkook_22_03_01,156,SMS_4S_Jungkook_22_04_01,&I'm glad you've gotten used to it.,"$What do you mean, a 90-degree angle?",'We agreed to change it to a deep bow...
41074012-8,Jungkook,"[""Do you have any habits, Manager?"","">It's to the point where it feels weird when I don't do it.""]",91,SMS_4S_Jungkook_24_02_01,130,SMS_4S_Jungkook_24_03_01,156,SMS_4S_Jungkook_24_04_01,That's a cute habit.,":I think I've seen you pick at your peach fuzz, Jeongguk!","""Tell me some of your other habits."
31015001-7,Jin,"[""Manager, how are you"",""<I'm always chivalrous. Let me blow you a kiss to remind you.""]",156,SMS_5S_Jin_01_02_01,91,SMS_5S_Jin_01_03_01,130,SMS_5S_Jin_01_04_01,What is this?,Did you do something wrong?,"I mean, yes, I am."
31015001-23,Jin,"[""Manager, how are you"",""\""Answer me when is my birthday? ^_^""]",130,SMS_5S_Jin_01_05_01,130,SMS_5S_Jin_01_06_01,156,SMS_5S_Jin_01_07_01,September 1st,October 13th,December 4th
31015002-8,Jin,"[""Manager hey Manager"",""MEDIA_FILE"",""-Then it's only natural that I show you this""]",130,SMS_5S_Jin_03_02_01,156,SMS_5S_Jin_03_03_01,91,SMS_5S_Jin_03_04_01,What's this?,So handsome.,I'm dizzy.
31015002-17,Jin,"[""Manager hey Manager"",""This is soooo fun""]",130,SMS_5S_Jin_03_05_01,156,SMS_5S_Jin_03_06_01,0,0,This is no jams.,I agree.,
31015003-9,Jin,"[""Brrrrrr..."",""!I'm at the ski resort right now""]",130,SMS_5S_Jin_05_02_01,156,SMS_5S_Jin_05_03_01,0,0,Lucky duck.,You know how to ski?,
31015003-16,Jin,"[""Brrrrrr..."",""Manager, do you know how to ski?""]",156,SMS_5S_Jin_05_05_01,130,SMS_5S_Jin_05_06_01,91,SMS_5S_Jin_05_07_01,I'm pretty good!,"No, I don't...",Skiing's ehh...
31015004-8,Jin,"[""Seok Jin"",""4I can't believe you're only texting me now cough""]",130,SMS_5S_Jin_07_02_01,91,SMS_5S_Jin_07_03_01,156,SMS_5S_Jin_07_04_01,Sorry...,Are you exaggerating?,Is it really that bad?
31015004-22,Jin,"[""Seok Jin"",""-Yep thanks to them I've been in bed all day""]",91,SMS_5S_Jin_07_05_01,156,SMS_5S_Jin_07_06_01,130,SMS_5S_Jin_07_07_01,You didn't practice at all?,Now I want that blanket.,You look too healthy!
31015005-5,Jin,"[""[The Benefits of Bananas]"",""1. Rich in Potassium and good for high blood pressure 2. Stimulates production of Serotonin, making it good for depression 3. Rich in fiber, good for the digestive system""]",130,SMS_5S_Jin_09_02_01,156,SMS_5S_Jin_09_03_01,91,SMS_5S_Jin_09_04_01,?????,Thanks for letting me know...,You want me to buy you bananas?
31015005-21,Jin,"[""[The Benefits of Bananas]"",""-Mistakes like this make me more human you see""]",130,SMS_5S_Jin_09_05_01,156,SMS_5S_Jin_09_06_01,91,SMS_5S_Jin_09_07_01,Return them!,Time to buckle down and eat them,$When are we going to eat them all...
31025001-10,Suga,"[""O Master Sage Min Yunki"",""lol""]",130,SMS_5S_Suga_01_02_01,156,SMS_5S_Suga_01_03_01,91,SMS_5S_Suga_01_04_01,What are you even bad at?,So shameless!,Not that amazing...
31025001-21,Suga,"[""O Master Sage Min Yunki"",""Stuff like that?""]",91,SMS_5S_Suga_01_05_01,0,SMS_5S_Suga_01_06_01,156,SMS_5S_Suga_01_07_01,That's all nonsense.,Sounds plausible?,"&Try guessing what I'm thinking, too!"
31025002-12,Suga,"[""'Sleep in on a clear, fine dust-free day"",""So I don't forget""]",91,SMS_5S_Suga_03_02_01,0,SMS_5S_Suga_03_03_01,0,SMS_5S_Suga_03_04_01,%Why are you writing that out here...?,I see... Okay.,2Okay! I'll make sure to remember and remind you!
31025002-27,Suga,"[""'Sleep in on a clear, fine dust-free day"",""Hmm am I thinking too small?""]",91,SMS_5S_Suga_03_05_01,0,SMS_5S_Suga_03_06_01,0,SMS_5S_Suga_03_07_01,You're thinking a little small.,Not at all!,"""I hope these make you feel better."
31025003-10,Suga,"[""Why'd you do that to me"","",and all we needed to do was simple movements""]",130,SMS_5S_Suga_05_02_01,156,SMS_5S_Suga_05_03_01,0,SMS_5S_Suga_05_04_01,I'm so sorry...,You fell perfectly into my trap.,That was completely my fault.
31025003-22,Suga,"[""Why'd you do that to me"",""MEDIA_FILE"",""Here is the proof of my passion""]",91,SMS_5S_Suga_05_05_01,0,SMS_5S_Suga_05_06_01,130,SMS_5S_Suga_05_07_01,Isn't that a wet wipe?,"Don't cry, just get stronger.","""Somehow that just hurts me more..."
31025004-8,Suga,"[""'I've received some new information..."",""Says who?""]",91,SMS_5S_Suga_07_02_01,0,SMS_5S_Suga_07_03_01,156,SMS_5S_Suga_07_04_01,I can't tell you.,It was...,Says me!
31025004-18,Suga,"[""'I've received some new information..."",""%That was me enjoying my food shupshup""]",130,SMS_5S_Suga_07_05_01,0,SMS_5S_Suga_07_06_01,0,0,That's good to hear...,I'm still worried...,
31025005-10,Suga,"[""Charging complete"",""About 22 hours""]",130,SMS_5S_Suga_09_02_01,91,SMS_5S_Suga_09_03_01,156,SMS_5S_Suga_09_04_01,A m a z i n g...,How's your fatigue?,Glad to hear you slept so well!
31025005-26,Suga,"[""Charging complete"",""&What the were you expecting something?""]",156,SMS_5S_Suga_09_05_01,0,SMS_5S_Suga_09_06_01,0,SMS_5S_Suga_09_07_01,I wasn't expecting anything.,I'm slightly disappointed.,"Yeah, I was!"
31035001-10,J-Hope,"[""Manager!"",""ODon't despair! Hoseoki's umbrella delivery service is on its way! Zoom zoom""]",130,SMS_5S_J-hope_01_02_01,156,SMS_5S_J-hope_01_03_01,0,0,"No, it's okay...",I'd appreciate that!,
31035001-19,J-Hope,"[""Manager!"",""6Okay? Ah you haven't caught a cold already have you?""]",91,SMS_5S_J-hope_01_05_01,156,SMS_5S_J-hope_01_06_01,130,SMS_5S_J-hope_01_07_01,I think I've caught a cold.,I'm strong!,%They say dummies don't catch colds!
31035002-9,J-Hope,"[""Manager hey Manager"","">How are we supposed to eat meat this early in the morning?????""]",156,SMS_5S_J-hope_03_02_01,91,SMS_5S_J-hope_03_03_01,130,SMS_5S_J-hope_03_04_01,"-Meat belongs in breakfast, lunch, and dinner!",Everyone else wants to eat it.,You don't like meat?
31035002-14,J-Hope,"[""Manager hey Manager"",""1You're not buying only meat right now, are you?""]",156,SMS_5S_J-hope_03_05_01,91,SMS_5S_J-hope_03_06_01,130,SMS_5S_J-hope_03_07_01,I'm only buying meat.,"I got dessert, too, obviously!","I bought veggies, too!"
31035003-7,J-Hope,"[""Dance practice again today?"",""Why did something come up?""]",156,SMS_5S_J-hope_05_02_01,91,SMS_5S_J-hope_05_03_01,130,SMS_5S_J-hope_05_04_01,I just wanted to see you.,I got worried.,Let's go eat!
31035003-16,J-Hope,"[""Dance practice again today?"",""+I can't fall asleep if I don't wash up!""]",91,SMS_5S_J-hope_05_05_01,156,SMS_5S_J-hope_05_06_01,130,SMS_5S_J-hope_05_07_01,'Why are you so serious all of a sudden?,"I know, I know!","Haha, don't lie!"
31035004-10,J-Hope,"[""9Hoseok are you feeling any better?? I heard you're sick"",""NNo energy... I look out the window a lot and I don't have an appetite either""]",156,SMS_5S_J-hope_07_02_01,130,SMS_5S_J-hope_07_03_01,91,SMS_5S_J-hope_07_04_01,Maybe you're homesick?,Maybe you're lovesick?,)Maybe you've bottled up too much anger?
31035004-23,J-Hope,"[""9Hoseok are you feeling any better?? I heard you're sick"",""$What am I supposed to do about this?""]",130,SMS_5S_J-hope_07_05_01,156,SMS_5S_J-hope_07_06_01,0,0,Go visit your hometown.,*We could all go to your hometown together?,
31035005-7,J-Hope,"[""%Manager! Manager!! Manaaaaaageeeeer!!"",""\""Think about your answer carefully!""]",130,SMS_5S_J-hope_09_02_01,91,SMS_5S_J-hope_09_03_01,156,SMS_5S_J-hope_09_04_01,My cellphone!,$Why would I be on a deserted island?,Necessities!
31035005-15,J-Hope,"[""%Manager! Manager!! Manaaaaaageeeeer!!"",""-I was hoping you'd say my name, actually...""]",156,SMS_5S_J-hope_09_05_01,130,SMS_5S_J-hope_09_06_01,0,SMS_5S_J-hope_09_07_01,"!Of course I'd take you, Hoseok!",You were hoping for that?,"Hoseok, you're a bit..."
31045001-9,RM,"[""When you read this message"",""How is it?""]",130,SMS_5S_RM_01_02_01,130,SMS_5S_RM_01_03_01,130,SMS_5S_RM_01_04_01,It's pretty cloudy.,It's so clear!,It's just dark.
31045001-16,RM,"[""When you read this message"",""Look back up at the sky, hurry!""]",156,SMS_5S_RM_01_05_01,91,SMS_5S_RM_01_06_01,130,SMS_5S_RM_01_07_01,Why are you doing this?,"Okay, I'll look.",Are you watching me?
31045002-10,RM,"[""Manager?"",""3I think this is insanely unfair T____T Crycry T___T""]",91,SMS_5S_RM_03_02_01,156,SMS_5S_RM_03_03_01,130,SMS_5S_RM_03_04_01,It wasn't you?,"'Of course it couldn't be you, Namjun!",It was me.
31045002-18,RM,"[""Manager?"",""\\What would be the best way? Hm... Should I set a trap? Or interrogate suspects one by one?""]",130,SMS_5S_RM_03_05_01,91,SMS_5S_RM_03_06_01,156,SMS_5S_RM_03_07_01,"""You're like a detective, Namjun.",Do you really have to do that?,Anything I can help with?
31045003-11,RM,"[""Manager, I'm bored"",""\""Hm... Do you like sports, Manager?""]",130,SMS_5S_RM_05_02_01,91,SMS_5S_RM_05_03_01,156,SMS_5S_RM_05_04_01,Totally!,"No, I don't.",I just like watching them.
31045003-22,RM,"[""Manager, I'm bored"",""What do you think it is? Hehe""]",91,SMS_5S_RM_05_05_01,156,SMS_5S_RM_05_06_01,130,SMS_5S_RM_05_07_01,Swimming.,Ice skating.,Horseback riding.
31045004-9,RM,"[""BI have something to show you, I'll send it on the count of three"",""Two and three quarters...""]",91,SMS_5S_RM_07_02_01,156,SMS_5S_RM_07_03_01,130,SMS_5S_RM_07_04_01,"""If this turns out to be nothing...",*What the I don't want to see it anymore?,Three! Three! Three!!!!
31045004-20,RM,"[""BI have something to show you, I'll send it on the count of three"",""zI've redecorated the inside so it's beyond amazing. New figures, new gear, and I even hung an art piece I really like!""]",156,SMS_5S_RM_07_05_01,91,SMS_5S_RM_07_06_01,130,SMS_5S_RM_07_07_01,You're not going to invite me?,%Did you win the lottery or something?,Send me a picture!
31045005-8,RM,"[""[I'm on the bus back to the dorms and a bunch of middle school students in uniforms got on"",""NI feel a bit sentimental when I remember poring over my notebook and workbooks""]",130,SMS_5S_RM_09_02_01,156,SMS_5S_RM_09_03_01,91,SMS_5S_RM_09_04_01,You want to go back?,".I wonder what you were like back then, Namjun.",It's not too late!
31045005-17,RM,"[""[I'm on the bus back to the dorms and a bunch of middle school students in uniforms got on"",""VMy goal in life is to have my music flow from the earphones those students are wearing""]",91,SMS_5S_RM_09_05_01,156,SMS_5S_RM_09_06_01,130,SMS_5S_RM_09_07_01,You sound so cool!,*Isn't that what's currently happening?,That's too modest of a goal!
31055001-9,Jimin,"[""Jimin! Are you busy?"",""-Ah really? Who is it? I think I can help you!""]",130,SMS_5S_Jimin_01_02_01,130,SMS_5S_Jimin_01_03_01,130,SMS_5S_Jimin_01_04_01,Yunki,Hoseok,Seok Jin
31055001-23,Jimin,"[""Jimin! Are you busy?"",""Spot-on, right?""]",91,SMS_5S_Jimin_01_05_01,156,SMS_5S_Jimin_01_06_01,130,SMS_5S_Jimin_01_07_01,Nope.,Bingo!,What do you know!
31055002-11,Jimin,"[""Ding! You've got mail!"",""Loooooooool""]",156,SMS_5S_Jimin_03_02_01,91,SMS_5S_Jimin_03_03_01,130,SMS_5S_Jimin_03_04_01,That's a cute letter.,"I'm sorry, dumplings!",I'll be right there!
31055002-21,Jimin,"[""Ding! You've got mail!"",""Did I do well? hehe""]",156,SMS_5S_Jimin_03_05_01,91,SMS_5S_Jimin_03_06_01,130,SMS_5S_Jimin_03_07_01,"Yes, good job!",Eat them if you want to.,0I'll start up a kimchi dumpling place for you.
31055003-6,Jimin,"[""Jimin did you eat yet?"",""*I'm having corn instead of a meal today!""]",91,SMS_5S_Jimin_05_02_01,156,SMS_5S_Jimin_05_03_01,130,SMS_5S_Jimin_05_04_01,You should eat a proper meal!,Do you like corn?,"I want some, too!"
31055003-16,Jimin,"[""Jimin did you eat yet?"",""You're right T_T""]",91,SMS_5S_Jimin_05_05_01,156,SMS_5S_Jimin_05_06_01,130,SMS_5S_Jimin_05_07_01,$You're going to get indigestion...,You're so busy.,You're so cool!
31055004-9,Jimin,"[""Manager did you text me?"",""\""That's okay with you right? hehe""]",130,SMS_5S_Jimin_07_02_01,0,SMS_5S_Jimin_07_03_01,156,SMS_5S_Jimin_07_04_01,A comedy.,A love story.,A martial arts movie.
31055004-18,Jimin,"[""Manager did you text me?"",""AAlthough anything is fine with me if you want to watch it Manager""]",91,SMS_5S_Jimin_07_05_01,130,SMS_5S_Jimin_07_06_01,156,SMS_5S_Jimin_07_07_01,Even scary movies?,Why are you so kind?,"Me, too!"
31055005-5,Jimin,"[""#I bought a disposable camera! Ta-da"","":I'm going to take tons and tons of pretty photos with it""]",156,SMS_5S_Jimin_09_02_01,91,SMS_5S_Jimin_09_03_01,130,SMS_5S_Jimin_09_04_01,#Are you going to take photos of me?,You can use your phone for that.,(I bet you'll take tons of nice photos!
31055005-19,Jimin,"[""#I bought a disposable camera! Ta-da"",""That's what I have so far >_<""]",130,SMS_5S_Jimin_09_05_01,91,SMS_5S_Jimin_09_06_01,156,SMS_5S_Jimin_09_07_01,8It's really cute how you're so focused on Bangtan...,$That's all you're going to take?,-Let's make a photobook with those pictures!
31065001-8,V,"[""Hallo"",""???""]",130,SMS_5S_V_01_02_01,156,SMS_5S_V_01_03_01,91,SMS_5S_V_01_04_01,Why are you talking like that?,"Okay, Taehyung!",So now you're a counselor?
31065001-17,V,"[""Hallo"",""MEDIA_FILE"",""What concerns you friend"",""!Anyway what are you worried about"",""Friend, what concerns you"","">This counseling center isn't available all the time you know""]",130,SMS_5S_V_01_05_01,91,SMS_5S_V_01_06_01,156,SMS_5S_V_01_07_01,Romantic worries.,Financial worries.,Nothing.
31065002-11,V,"[""!I got in trouble with Yunki hyung"",""Looooooooooool""]",91,SMS_5S_V_03_02_01,130,SMS_5S_V_03_03_01,0,SMS_5S_V_03_04_01,(I can understand why you got in trouble!,What's wrong with using it?,That was Yunki's scent?
31065002-22,V,"[""!I got in trouble with Yunki hyung"",""#What kind of scent would suit me???""]",156,SMS_5S_V_03_05_01,91,SMS_5S_V_03_06_01,130,SMS_5S_V_03_07_01,"A sweet, fruity scent.","A dignified, musky scent.","#You don't need cologne, Taehyung!"
31065003-10,V,"[""Onions are no tasty"",""EI was forced to eat them cause I made a bet with Jeongguk and lost...""]",156,SMS_5S_V_05_02_01,130,SMS_5S_V_05_03_01,91,SMS_5S_V_05_04_01,",Don't eat them if they don't taste good.",But you have to eat them...,I can eat them for you.
31065003-22,V,"[""Onions are no tasty"",""How do you do that?""]",91,SMS_5S_V_05_05_01,130,SMS_5S_V_05_06_01,0,SMS_5S_V_05_07_01,Try eating vegetarian for a bit?,I'll go hire a nutritionist.,Will and effort is important!
31065004-11,V,"[""4I think late nights are calming but also very lonely"",""Do you agree Manager?""]",156,SMS_5S_V_07_02_01,0,SMS_5S_V_07_03_01,0,0,"""Yeah, it's the same for me, too.",I wouldn't know...,
31065004-18,V,"[""4I think late nights are calming but also very lonely"",""7But... What can I do to make this loneliness disappear?""]",130,SMS_5S_V_07_05_01,130,SMS_5S_V_07_06_01,130,SMS_5S_V_07_07_01,Try writing a song.,Wake the other members up!,"""Try going for a late night walk..."
31065005-7,V,"[""+I didn't see you all day, where were you?"",""Guess why I was so busy""]",91,SMS_5S_V_09_02_01,130,SMS_5S_V_09_03_01,156,SMS_5S_V_09_04_01,Were you practicing?,Were you playing games?,Were you playing with a dog?
31065005-18,V,"[""+I didn't see you all day, where were you?"",""ZDogs wag their tails to the left when they're sad and to the right when they're happy!""]",130,SMS_5S_V_09_05_01,156,SMS_5S_V_09_06_01,91,SMS_5S_V_09_07_01,"Psh, don't make stuff up!",Really???,I knew that already.
31075001-8,Jungkook,"[""Manager"",""I'm not sleeping yet either""]",156,SMS_5S_Jungkook_01_02_01,91,SMS_5S_Jungkook_01_03_01,130,SMS_5S_Jungkook_01_04_01,I can't seem to fall asleep...,"You were gaming, huh?",Good children go to bed early!
31075001-20,Jungkook,"[""Manager"",""4I'm just suddenly wondering if I'm doing well...""]",130,SMS_5S_Jungkook_01_05_01,0,SMS_5S_Jungkook_01_06_01,0,SMS_5S_Jungkook_01_07_01,You're doing well!,*How about you talk it out with the hyungs?,You've grown up.
31075002-7,Jungkook,"[""I have a huge problem"",""This is all because of cleaning""]",130,SMS_5S_Jungkook_03_02_01,91,SMS_5S_Jungkook_03_03_01,0,SMS_5S_Jungkook_03_04_01,Why is it because of cleaning?,",I don't understand what you're saying...",That IS a huge problem!
31075002-15,Jungkook,"[""I have a huge problem"",""MEDIA_FILE"",""So I can't sleep on it."",""I'm sleepy... =_="",""TAll the stuff that was on the floor is on top of my bed, so my bed's full of stuff"","">Anyway there's just tons of stuff on top of my bed right now""]",156,SMS_5S_Jungkook_03_05_01,130,SMS_5S_Jungkook_03_06_01,91,SMS_5S_Jungkook_03_07_01,&Go sleep in one of the hyung's beds.,)Go sleep on the couch in the living room.,&Organize the stuff on top of your bed.
31075003-13,Jungkook,"[""Today the choreography teacher"",""Thanks for falling for it""]",130,SMS_5S_Jungkook_05_02_01,91,SMS_5S_Jungkook_05_03_01,156,SMS_5S_Jungkook_05_04_01,-_-,Loooool,T_______T
31075003-21,Jungkook,"[""Today the choreography teacher"",""5I'm gonna have to think of even more pranks to play""]",130,SMS_5S_Jungkook_05_05_01,0,SMS_5S_Jungkook_05_06_01,0,SMS_5S_Jungkook_05_07_01,")You like playing pranks that much, huh...",!Let's think of some new tricks!,They're gonna get you back...
31075004-20,Jungkook,"[""Hello"",""I uploaded it by accident""]",130,SMS_5S_Jungkook_07_02_01,0,SMS_5S_Jungkook_07_03_01,0,SMS_5S_Jungkook_07_04_01,You took a selfie?,You're handsome!,"You tried looking cool, huh?"
31075004-28,Jungkook,"[""Hello"",""0The hyungs told me to practice taking selfies...""]",156,SMS_5S_Jungkook_07_05_01,0,SMS_5S_Jungkook_07_06_01,91,SMS_5S_Jungkook_07_07_01,The photo came out really well!,"""It's not as good as real life...",I want to save this photo.
31075005-12,Jungkook,"[""Jeongguk did you eat yet?"",""Ah yum""]",130,SMS_5S_Jungkook_09_02_01,0,SMS_5S_Jungkook_09_03_01,91,SMS_5S_Jungkook_09_04_01,You ate all of that?,It wasn't too spicy???,So handsome T____T
31075005-20,Jungkook,"[""Jeongguk did you eat yet?"",""Did you eat yet Manager?""]",130,SMS_5S_Jungkook_09_05_01,156,SMS_5S_Jungkook_09_06_01,0,0,Of course! I ate!,Not yet...,
41015002-7,Jin,"[""Where are you?"",""inside your heart""]",130,SMS_5S_Jin_04_02_01,0,SMS_5S_Jin_04_03_01,91,SMS_5S_Jin_04_04_01,I'm laughing so hard.,You're not there.,That's not funny!
41015002-21,Jin,"[""Where are you?"",""Or was it just me... hehe""]",156,SMS_5S_Jin_04_05_01,130,SMS_5S_Jin_04_06_01,91,SMS_5S_Jin_04_07_01,I'm touched...,"Wow, that's deep...",You were mistaken!
41015003-7,Jin,"[""Manager"",""Is this true""]",156,SMS_5S_Jin_06_02_01,0,SMS_5S_Jin_06_03_01,130,SMS_5S_Jin_06_04_01,How'd you know?,It's not your day off.,It's a work in progress.
41015003-22,Jin,"[""Manager"",""0Okay if you get it right I'll give you a prize""]",91,SMS_5S_Jin_06_05_01,156,SMS_5S_Jin_06_06_01,130,SMS_5S_Jin_06_07_01,",You want me to go grocery shopping with you?",%You want to go somewhere fun with me?,Oh... What's the prize??
41015004-6,Jin,"[""Manager..."",""Sniffsniff...""]",130,SMS_5S_Jin_08_02_01,91,SMS_5S_Jin_08_03_01,156,SMS_5S_Jin_08_04_01,Are you really sick?,Faking it again?,"Me, too..."
41015004-16,Jin,"[""Manager..."",""WToday's an important day. We're learning new choreography from the Dance Captain...""]",130,SMS_5S_Jin_08_05_01,156,SMS_5S_Jin_08_06_01,91,SMS_5S_Jin_08_07_01,3You're sick and you're going to go to practice?,Let's go to the doctor first.,:I guess you can't bail out just because you're sick...
41015005-8,Jin,"[""[The Benefits of Jin-anas]"",""Ta-da here's a first look""]",156,SMS_5S_Jin_10_02_01,91,SMS_5S_Jin_10_03_01,130,SMS_5S_Jin_10_04_01,"I'd like 100 bunches, please.",Where'd you get that?,Looks sweet!
41015005-14,Jin,"[""[The Benefits of Jin-anas]"",""ZI'm going wear this hat and be Jin-ana for the rest of the day so don't tease me later""]",91,SMS_5S_Jin_10_05_01,156,SMS_5S_Jin_10_06_01,130,SMS_5S_Jin_10_07_01,Are you being punished?,I better take a picture.,I wanna try it on!
41025002-9,Suga,"[""Finally"",""!that list of things I have to do?""]",156,SMS_5S_Suga_04_02_01,0,SMS_5S_Suga_04_03_01,0,SMS_5S_Suga_04_04_01,I remember!,I don't recall at all...,That sounds kind of familiar...
41025002-18,Suga,"[""Finally"",""3I'm about to cross off the last thing on the list""]",130,SMS_5S_Suga_04_05_01,156,SMS_5S_Suga_04_06_01,0,SMS_5S_Suga_04_07_01,What an important moment!,Are you bragging?,And what's that?
41025003-9,Suga,"[""Today I heard that Mr. Min Yunki"",""2that I should be considered part of the dance line""]",91,SMS_5S_Suga_06_02_01,0,SMS_5S_Suga_06_03_01,130,SMS_5S_Suga_06_04_01,I can't acknowledge that!,I completely agree.,Show me.
41025003-21,Suga,"[""Today I heard that Mr. Min Yunki"",""You know that right?""]",156,SMS_5S_Suga_06_05_01,91,SMS_5S_Suga_06_06_01,130,SMS_5S_Suga_06_07_01,I didn't know that,Of course I know that!,"-I've never heard you, so I wouldn't know."
41025004-6,Suga,"[""Ah"",""!is it because I have to eat alone""]",156,SMS_5S_Suga_08_02_01,130,SMS_5S_Suga_08_03_01,0,SMS_5S_Suga_08_04_01,Eat with the other members!,Watch Eat Jin.,/Sometimes it's good to have an empty stomach.
41025004-14,Suga,"[""Ah"",""Did you eat?""]",130,SMS_5S_Suga_08_05_01,91,SMS_5S_Suga_08_06_01,156,SMS_5S_Suga_08_07_01,"Yeah, I ate!","No, not yet...","""I don't really feel like eating."
41025005-9,Suga,"[""What are you doing"",""*You remembered all of that, to the letter?""]",156,SMS_5S_Suga_10_02_01,91,SMS_5S_Suga_10_03_01,130,SMS_5S_Suga_10_04_01,It left a scar on my heart...,Thanks for texting me.,"%I remember everything you say, Yunki."
41025005-23,Suga,"[""What are you doing"",""and becoming one with this chair""]",156,SMS_5S_Suga_10_05_01,0,SMS_5S_Suga_10_06_01,0,SMS_5S_Suga_10_07_01,You seem friendlier than usual!,"""You look like you're having fun.",This picture's so cute!
41035002-7,J-Hope,"[""Manager!!! Manager!!!"",""AAh I'm just saying that we should have meat for breakfast loool""]",130,SMS_5S_J-hope_04_02_01,156,SMS_5S_J-hope_04_03_01,91,SMS_5S_J-hope_04_04_01,But that's not your style...?,Meat? Sure!,I'm not feeling it today.
41035002-14,J-Hope,"[""Manager!!! Manager!!!"",""I already bought the meat!""]",156,SMS_5S_J-hope_04_05_01,130,SMS_5S_J-hope_04_06_01,91,SMS_5S_J-hope_04_07_01,I'm so moved...,"Did you get choice cuts, too?",Why'd you do that?
41035003-6,J-Hope,"[""Maaanager..."",""uYou didn't tell anyone about me falling asleep while texting you right? You didn't, right? Right? Right??? Please""]",156,SMS_5S_J-hope_06_02_01,91,SMS_5S_J-hope_06_03_01,130,SMS_5S_J-hope_06_04_01,"'Don't worry, I didn't say anything.",Oops! I already told them...,I had forgotten about that.
41035003-15,J-Hope,"[""Maaanager..."",""'until you fall asleep, Manager!!! Yeap!""]",91,SMS_5S_J-hope_06_05_01,130,SMS_5S_J-hope_06_06_01,156,SMS_5S_J-hope_06_07_01,)I guess I'm not falling asleep tonight.,You're sure you can stay up?,I'll go sleep now!
41035004-9,J-Hope,"[""2Great weather and great <color=#42b7fe>bgm</color>"",""\""It's all your doing, Manager!!!!""]",156,SMS_5S_J-hope_08_02_01,0,SMS_5S_J-hope_08_03_01,0,SMS_5S_J-hope_08_04_01,"+I'm glad you're back to normal, Hoseok!",$It didn't make you miss home more?,"I am pretty awesome, huh?"
41035004-20,J-Hope,"[""2Great weather and great <color=#42b7fe>bgm</color>"",""*Where would you like to go?? Please decide""]",91,SMS_5S_J-hope_08_05_01,156,SMS_5S_J-hope_08_06_01,0,SMS_5S_J-hope_08_07_01,A vacation spot.,My old neighborhood.,I don't need a vacation.
41035005-8,J-Hope,"[""Hoseok!"",""Nope I told you it's a secret""]",130,SMS_5S_J-hope_10_02_01,156,SMS_5S_J-hope_10_03_01,91,SMS_5S_J-hope_10_04_01,I wanna know so badly!,I don't remember this?,"'Then I'm going to have a secret, too."
41035005-16,J-Hope,"[""Hoseok!"",""#I'll tell you next time loooooool""]",91,SMS_5S_J-hope_10_05_01,130,SMS_5S_J-hope_10_06_01,156,SMS_5S_J-hope_10_07_01,)I'm not going to talk to you anymore...,Actually... I know everything!,Tell me via telepathy.
41045002-10,RM,"[""Namjun where are you?"",""I found out... Who broke it...""]",130,SMS_5S_RM_04_02_01,130,SMS_5S_RM_04_03_01,156,SMS_5S_RM_04_04_01,Was it Taehyung?,Was it Yunki?,"It was you, Namjun, wasn't it?"
41045002-20,RM,"[""Namjun where are you?"",""3Manager... Why do I keep doing this? T_T T________T""]",156,SMS_5S_RM_04_05_01,130,SMS_5S_RM_04_06_01,0,0,*Life's no fun if people are too perfect.,*You just have to be careful in the future.,
41045003-8,RM,"[""TI looked up nearby skating rinks because I wanted to go ice skating with you Manager"","".Well, their AC broke and all the ice melted...""]",156,SMS_5S_RM_06_02_01,91,SMS_5S_RM_06_03_01,130,SMS_5S_RM_06_04_01,#No... I'm not ready to give up...,We'll have another chance.,(Let's make a skating rink in the dorm!
41045003-15,RM,"[""TI looked up nearby skating rinks because I wanted to go ice skating with you Manager"",""zIs there anything other than ice skating you'd like to do on your day off? I want to do whatever you want to do, Manager""]",91,SMS_5S_RM_06_05_01,156,SMS_5S_RM_06_06_01,130,SMS_5S_RM_06_07_01,Play board games at the dorm.,Go read at the library.,Ride bikes at the Han River.
41045004-7,RM,"[""Namjun! I have great news"",""-Limited-edition... What? What is it???? Hurry""]",130,SMS_5S_RM_08_02_01,130,SMS_5S_RM_08_03_01,130,SMS_5S_RM_08_04_01,",A limited-edition <color=#42b7fe>LP</color>!",A limited-edition dessert!,A limited-edition t-shirt!
41045004-21,RM,"[""Namjun! I have great news"",""You can come by now, right?""]",130,SMS_5S_RM_08_05_01,91,SMS_5S_RM_08_06_01,156,SMS_5S_RM_08_07_01,I'll be right there!,That's...,I'll think about it.
41045005-5,RM,"[""tI took this picture when I visited my high school... But I had two photos printed by mistake. Seriously, by mistake."",""So, this extra photo...""]",156,SMS_5S_RM_10_02_01,130,SMS_5S_RM_10_03_01,91,SMS_5S_RM_10_04_01,Are you giving it to me?,One to save for later?,Should I put it up on the wall?
41045005-14,RM,"[""tI took this picture when I visited my high school... But I had two photos printed by mistake. Seriously, by mistake."",""<The letter I wrote to my future self was especially poignant""]",156,SMS_5S_RM_10_05_01,91,SMS_5S_RM_10_06_01,130,SMS_5S_RM_10_07_01,What does it say?,What else was there?,I want to see in person!
41055002-7,Jimin,"[""Mishster Jimin"",""(Wait for me please I'll be right there""]",91,SMS_5S_Jimin_04_02_01,156,SMS_5S_Jimin_04_03_01,130,SMS_5S_Jimin_04_04_01,'If you don't come soon I'm leaving.,I want to see you!,Come after practice.
41055002-15,Jimin,"[""Mishster Jimin"",""&I wish there were more days like this!""]",130,SMS_5S_Jimin_04_05_01,91,SMS_5S_Jimin_04_06_01,0,SMS_5S_Jimin_04_07_01,"3It's because of the kimchi dumplings, isn't it?","Nope, no can do!",!I'll try to do this more often.
41055003-6,Jimin,"[""Nomnom on the streets again"",""GIt's my first time eating a crepe... so this is what they taste like!""]",156,SMS_5S_Jimin_06_02_01,130,SMS_5S_Jimin_06_03_01,91,SMS_5S_Jimin_06_04_01,What does it taste like?,&Are you on your way to practice again?,*Spicy rice cakes are the best street food!
41055003-15,Jimin,"[""Nomnom on the streets again"",""!it's up to you to eat one loool""]",130,SMS_5S_Jimin_06_05_01,156,SMS_5S_Jimin_06_06_01,91,SMS_5S_Jimin_06_07_01,I don't like crepes.,*You have to buy me one for me to have one.,I'm just teasing!
41055004-12,Jimin,"[""I know the truth..."",""Don't worry about it hehe""]",130,SMS_5S_Jimin_08_02_01,156,SMS_5S_Jimin_08_03_01,91,SMS_5S_Jimin_08_04_01,Was it really fun?,That's good to hear.,Don't do that again!
41055004-21,Jimin,"[""I know the truth..."",""7was more important than the actual content of the movie""]",130,SMS_5S_Jimin_08_05_01,156,SMS_5S_Jimin_08_06_01,0,0,$Let's watch another one next time!,You're overflowing with love.,
41055005-14,Jimin,"[""Mishster Jimin!"",""%What?! Then what do I have to do? T_T""]",91,SMS_5S_Jimin_10_02_01,130,SMS_5S_Jimin_10_03_01,156,SMS_5S_Jimin_10_04_01,Treat me to something.,Hand over the photos!,&Say something like they do in Busan...
41055005-26,Jimin,"[""Mishster Jimin!"",""\""Since you found the camera for me!""]",156,SMS_5S_Jimin_10_05_01,91,SMS_5S_Jimin_10_06_01,130,SMS_5S_Jimin_10_07_01,"#I'm gonna take one of you, Jimin!",Time for a selfie!,I don't want to take one...
41065002-7,V,"[""Manager? I found it"",""Ha it's great""]",156,SMS_5S_V_04_02_01,91,SMS_5S_V_04_03_01,130,SMS_5S_V_04_04_01,What scent is it?,'You were looking for one all this time?,"""Did you go with my recommendation?"
41065002-20,V,"[""Manager? I found it"",""!Do you like lavender too Manager?""]",156,SMS_5S_V_04_05_01,91,SMS_5S_V_04_06_01,130,SMS_5S_V_04_07_01,It's my favorite scent!,I'm allergic to lavender.,'I don't know what that smells like...
41065003-5,V,"[""Strawberries yumyum"",""6Looks good right? Seok Jin hyung picked these himself!""]",156,SMS_5S_V_06_02_01,91,SMS_5S_V_06_03_01,0,SMS_5S_V_06_04_01,Gimme!,I don't really like fruit.,Those strawberries suit you!
41065003-19,V,"[""Strawberries yumyum"",""*Are you familiar with cheat days'...?""]",156,SMS_5S_V_06_05_01,130,SMS_5S_V_06_06_01,91,SMS_5S_V_06_07_01,Let's go eat something yummy.,Don't try to be sneaky!,No?
41065004-4,V,"[""Prepping for bed""]",156,SMS_5S_V_08_02_01,91,SMS_5S_V_08_03_01,130,SMS_5S_V_08_04_01,So handsome!,Sleeping already?,Why would you send this?
41065004-19,V,"[""Prepping for bed"",""A fun story...""]",156,SMS_5S_V_08_05_01,130,SMS_5S_V_08_06_01,91,SMS_5S_V_08_07_01,Once upon a time...,>There's a weird cry coming from the hills behind the dorm...,-According to the latest international news...
41065005-8,V,"[""Following doggy language"",""!so I went and interpreted for him""]",156,SMS_5S_V_10_02_01,130,SMS_5S_V_10_03_01,91,SMS_5S_V_10_04_01,What did the cat say?,That's adorable.,Jimin's so nice.
41065005-17,V,"[""Following doggy language"",""Do you know what that means?""]",91,SMS_5S_V_10_05_01,156,SMS_5S_V_10_06_01,130,SMS_5S_V_10_07_01,Go away!,You're mine!,Feed me!
41075002-7,Jungkook,"[""Laundry done!"",""Ah amazing how exhilarating""]",156,SMS_5S_Jungkook_04_02_01,130,SMS_5S_Jungkook_04_03_01,91,SMS_5S_Jungkook_04_04_01,You like laundry that much?,The hyungs didn't help you...?,%Laundry is the most annoying chore...
41075002-19,Jungkook,"[""Laundry done!"",""But I think I have it down now""]",91,SMS_5S_Jungkook_04_05_01,0,SMS_5S_Jungkook_04_06_01,156,SMS_5S_Jungkook_04_07_01,What do your hyungs smell like?,What do I smell like?,"!I know your smell, too, Jeongguk."
41075003-9,Jungkook,"[""Wow"",""!When I said I'd fool the hyungs""]",156,SMS_5S_Jungkook_06_02_01,0,SMS_5S_Jungkook_06_03_01,91,SMS_5S_Jungkook_06_04_01,Willfull Jeon Jeongguk!,0Are you sure they didn't pretend to be fooled?,$You must be overflowing with energy.
41075003-21,Jungkook,"[""Wow"",""Try guessing""]",130,SMS_5S_Jungkook_06_05_01,130,SMS_5S_Jungkook_06_06_01,156,SMS_5S_Jungkook_06_07_01,Taehyung?,Jimin?,Seok Jin?
41075004-8,Jungkook,"[""Manager"",""Promise?""]",130,SMS_5S_Jungkook_08_02_01,156,SMS_5S_Jungkook_08_03_01,91,SMS_5S_Jungkook_08_04_01,Pinky promise!,1No! I want to decide after I find out what it is.,I'm suspicious...
41075004-19,Jungkook,"[""Manager"",""Which one is better?""]",130,SMS_5S_Jungkook_08_05_01,130,SMS_5S_Jungkook_08_06_01,0,SMS_5S_Jungkook_08_07_01,The top one!,The bottom one!,I can't choose...
41075005-8,Jungkook,"[""Manager when are you done?"",""'Plump potato dumplings with chewy skins""]",91,SMS_5S_Jungkook_10_02_01,156,SMS_5S_Jungkook_10_03_01,130,SMS_5S_Jungkook_10_04_01,!That's kind of big for a snack?,Sorry for making you wait...,"A bite, please!"
41075005-21,Jungkook,"[""Manager when are you done?"",""That's what I thought""]",130,SMS_5S_Jungkook_10_05_01,156,SMS_5S_Jungkook_10_06_01,91,SMS_5S_Jungkook_10_07_01,No...,You're right! Just kidding.,Okay! Let's eat together.
51010101-9,Jin,"[""Knock knock knock"",""...for my Favorite""]",156,SMS_I_Jin_01_02_01,91,SMS_I_Jin_01_03_01,130,SMS_I_Jin_01_04_01,Who?,Me?,The other members?
51010101-17,Jin,"[""Knock knock knock"",""It's not here yet""]",91,SMS_I_Jin_01_05_01,156,SMS_I_Jin_01_06_01,130,SMS_I_Jin_01_07_01,Takeout isn't good for you.,Enjoy your food.,What about mine?
51010201-16,Jin,"["",Seok Jin, what do you guys have at the dorm?"",""Hahahaha""]",130,SMS_I_Jin_02_02_01,91,SMS_I_Jin_02_03_01,156,SMS_I_Jin_02_04_01,.Where's the extremely good looking beefcake?,Are you referring to yourself?,I knew that already.
51010301-8,Jin,"[""Manager"",""...Seok Jin is hungry, too""]",130,SMS_I_Jin_03_02_01,156,SMS_I_Jin_03_03_01,0,0,I'm busy today.,I'll stop by later.,
51010301-21,Jin,"[""Manager"",""Help us""]",130,SMS_I_Jin_03_05_01,156,SMS_I_Jin_03_06_01,0,0,Do your best.,Order some chicken...,
51010401-10,Jin,"["",TrendyTerms.<color=#42b7fe>zip</color>"",""\""Do you know what same' means?""]",130,SMS_I_Jin_04_02_01,156,SMS_I_Jin_04_03_01,0,0,Of course!,No...,
51010801-10,Jin,"[""Manager."",""+There's such thing as Managers' Day...?""]",130,SMS_I_Jin_08_02_01,156,SMS_I_Jin_08_03_01,0,0,Thanks!,",You're pulling my leg again, aren't you?",
51020101-9,Suga,"[""Yunki, what are you up to"",""I just saw this""]",130,SMS_I_Suga_01_02_01,91,SMS_I_Suga_01_03_01,156,SMS_I_Suga_01_04_01,What were you doing,Were you sleeping?,So you didn't block me
51020201-17,Suga,"[""Manager."",""And it's not mine...?""]",130,SMS_I_Suga_02_02_01,156,SMS_I_Suga_02_03_01,0,0,"!Sorry, I must have mixed them up.",&Are you sure you didn't mix them up?,
51020301-16,Suga,"[""Mr. Min Yunki"",""Loooool""]",130,SMS_I_Suga_03_02_01,156,SMS_I_Suga_03_03_01,91,SMS_I_Suga_03_04_01,Did you eat anything at least?,!You should hurry up and go to bed,So cute lol!
51020401-10,Suga,"[""-Whose idea was the massage chair in the dorm?"",""I'm joking, jeez""]",156,SMS_I_Suga_04_02_01,130,SMS_I_Suga_04_03_01,0,0,Making good use of it?,I didn't buy it.,
51020601-12,Suga,"[""When are you going to send"",""(I'd like to be a radio DJ or something""]",156,SMS_I_Suga_06_02_01,130,SMS_I_Suga_06_03_01,0,0,!I think you'd make a great one.,I can't imagine you being one.,
51020601-24,Suga,"[""When are you going to send"",""How is it?""]",130,SMS_I_Suga_06_05_01,156,SMS_I_Suga_06_06_01,0,0,%Shouldn't you be a bit more polite?,I'm gonna sue you...,
51030101-18,J-Hope,"[""Hoseok, what are you up to?"","",Yeaaah! I sounded really cool just now, huh?""]",156,SMS_I_J-hope_01_02_01,130,SMS_I_J-hope_01_03_01,0,0,Yes of course!,Come on...,
51030201-25,J-Hope,"[""Hoseok"",""Are you holding out on me?"",""I'm still really curious...""]",156,SMS_I_J-hope_02_02_02,130,SMS_I_J-hope_02_03_02,0,0,6I'm kinda disappointed... Are you holding out on me?,"'I'm sooooo curious, though! One look?",
51030301-29,J-Hope,"[""Manager."",""I can go right???""]",156,SMS_I_J-hope_03_02_01,130,SMS_I_J-hope_03_03_01,0,0,This is a bad idea.,Of course! Have fun!,
51030501-14,J-Hope,"[""MEDIA_FILE"",""Loool what is this"",""My mini-bag charm ahahahah""]",130,SMS_I_J-hope_05_02_01,156,SMS_I_J-hope_05_03_01,0,0,"No, put it away...",What's the third?,
51030501-29,J-Hope,"[""MEDIA_FILE"",""Loool what is this"",""That you picked up last time?"",""Do you remember the notebook""]",156,SMS_I_J-hope_05_05_01,0,SMS_I_J-hope_05_06_01,0,0,Of course I remember!,What notebook?,
51030701-18,J-Hope,"[""Hoseok"",""Was it really that obvious? Hehe""]",156,SMS_I_J-hope_07_02_01,130,SMS_I_J-hope_07_03_01,0,0,Not really.,Just a little bit.,
51030701-33,J-Hope,"[""Hoseok"",""/Bangtan's official Hope can't be mopey, heh""]",156,SMS_I_J-hope_07_05_01,130,SMS_I_J-hope_07_06_01,91,SMS_I_J-hope_07_07_01,It's okay.,Thank you.,Sorry.
51040101-10,RM,"[""Manager, are you busy?"",""QSo, I don't know if it's accurate to say we're on the same wavelength'""]",130,SMS_I_RM_01_02_01,91,SMS_I_RM_01_03_01,156,SMS_I_RM_01_04_01,What the...,I was just joking,You have a point
51040201-18,RM,"[""Namjun"",""Oh, I know!!!""]",130,SMS_I_RM_02_02_01,156,SMS_I_RM_02_03_01,91,SMS_I_RM_02_04_01,The Dignity of a Wise Leader,How to Become a Sexy Guy,How Mensa Members Live
51040201-27,RM,"[""Namjun"",""I'm almost done with it!""]",156,SMS_I_RM_02_05_01,130,SMS_I_RM_02_06_01,0,0,That sounds perfect for you.,+Why do you need a book to learn about that?,
51040301-11,RM,"[""I found the book!"",""3And <color=#42b7fe>tadaaa</color>! It was in there!""]",91,SMS_I_RM_03_02_01,130,SMS_I_RM_03_03_01,156,SMS_I_RM_03_04_01,You smashed a drawer...?,Good thing you found it,"You're not hurt, are you?"
51040301-21,RM,"[""I found the book!"",""dI found my diary from back when we first met. I've been looking all over for it, and there it was!""]",156,SMS_I_RM_03_05_01,130,SMS_I_RM_03_06_01,0,0,/Did you write down your first impression of me?,?Did you write down your first impressions of the other members?,
51040401-11,RM,"[""Namjun!"",""A beast...?""]",130,SMS_I_RM_04_02_01,156,SMS_I_RM_04_03_01,91,SMS_I_RM_04_04_01,A cold?,A slump?,Is it Taehyung?
51040401-21,RM,"[""Namjun!"",""You can do it, Manager""]",156,SMS_I_RM_04_05_01,130,SMS_I_RM_04_06_01,0,0,I'll try.,I can't.,
51040701-11,RM,"[""Manager!"",""/Anyway, anyway... Which one do you like better?""]",130,Video_I_RM_07_02_01,156,Video_I_RM_07_03_01,91,Video_I_RM_07_04_01,Where are you going?,Who are you meeting?,Why are you asking me?
51040701-18,RM,"[""Manager!"",""Hurry up and choose one!!!""]",156,Video_I_RM_07_05_01,91,Video_I_RM_07_06_01,130,Video_I_RM_07_07_01,Left,Right,#You must really like these clothes.
51050101-5,Jimin,"[""Jimin. Where are you?"",""*Hello Manager. I'm in the practice room.""]",156,SMS_I_Jimin_01_02_01,91,SMS_I_Jimin_01_03_01,130,SMS_I_Jimin_01_04_01,!You don't have to be so formal!,You replied almost immediately!,Why are you there?
51050101-14,Jimin,"[""Jimin. Where are you?"",""*Hello Manager. I'm in the practice room.""]",156,SMS_I_Jimin_01_02_01,130,SMS_I_Jimin_01_03_01,0,SMS_I_Jimin_01_04_01,!You don't have to be so formal!,You replied almost immediately!,Why are you there?
51050201-6,Jimin,"[""MEDIA_FILE"",""Manager... You did this, right?""]",130,SMS_I_Jimin_02_02_01,0,SMS_I_Jimin_02_03_01,0,SMS_I_Jimin_02_04_01,Have I been found out already?,#Enjoy it and good luck at practice!,I found it on my way here.
51050201-17,Jimin,"[""MEDIA_FILE"",""Manager... You did this, right?"",""Old? That's sure not me haha""]",130,SMS_I_Jimin_02_05_01,91,SMS_I_Jimin_02_06_01,156,SMS_I_Jimin_02_07_01,What's your favorite food?,What's your favorite game?,What kind of videos do you like?
51050301-9,Jimin,"[""Manager T_T"",""7It looks hungry but I can't feed it just anything T_T""]",130,SMS_I_Jimin_03_02_01,156,SMS_I_Jimin_03_03_01,91,SMS_I_Jimin_03_04_01,Cat food!,Chicken breast!,Yummy snacks!
51050601-9,Jimin,"[""0Jimin! I heard you went somewhere with Jeongguk!"",""Guess what we're doing! Hehe""]",91,SMS_I_Jimin_06_02_01,156,SMS_I_Jimin_06_03_01,130,SMS_I_Jimin_06_04_01,Going to the shooting range?,Playing a shooter game?,I don't know...
51050601-18,Jimin,"[""0Jimin! I heard you went somewhere with Jeongguk!"",""But it's fun, lol!""]",91,SMS_I_Jimin_06_05_01,130,SMS_I_Jimin_06_06_01,156,SMS_I_Jimin_06_07_01,Focus on the game!,Does Jeongguk scold you?,#It's fine if you're having fun!
51050801-6,Jimin,"[""Why are you so kind, Jimin?"","":Being so kind to a street cat you've never met before...""]",156,SMS_I_Jimin_08_02_01,91,SMS_I_Jimin_08_03_01,130,SMS_I_Jimin_08_04_01,"6If love was a person I wonder if it'd be you, Jimin.",I want to be a street cat...,&How did you become such a kind person?
51050801-16,Jimin,"[""Why are you so kind, Jimin?"",""Hating people is distressing""]",130,SMS_I_Jimin_08_05_01,156,SMS_I_Jimin_08_06_01,0,0,I kind of enjoy it...,I understand how you feel!,
51060101-14,V,"[""Taehyung"",""Do you know why, Manager?""]",130,SMS_I_V_01_02_01,156,SMS_I_V_01_03_01,91,SMS_I_V_01_04_01,"&I'm not sure, I don't know either.","What do you think, Taehyung?",8It's because of the color violet's refractive index.
51060201-17,V,"[""I figured it out"",""How does that sound?""]",156,SMS_I_V_02_02_01,130,SMS_I_V_02_03_01,91,SMS_I_V_02_04_01,It's great!,That's grand.,I'm not so sure...
51060301-10,V,"[""EDon't you think it would be possible to play EDM using a saxophone?"",""Oh, and also... Hm...""]",91,SMS_I_V_03_02_01,130,SMS_I_V_03_03_01,156,SMS_I_V_03_04_01,"+You really are 4-dimensional, aren't you.",Is your blood type AB?,";Your mind moves so fast, Taehyung, the world can't keep up!"
51060301-21,V,"[""EDon't you think it would be possible to play EDM using a saxophone?"",""Cypher cypher!""]",156,SMS_I_V_03_05_01,130,SMS_I_V_03_06_01,0,0,"%Do whatever you want to do, Taehyung!",Rap? Will you be able to...,
51060601-20,V,"[""Taehyung where are you?"",""&Am I a little difficult to understand?""]",130,SMS_I_V_06_02_01,156,SMS_I_V_06_03_01,91,SMS_I_V_06_04_01,It can seem that way sometimes.,%That's what's charming about you.,"Nope, not at all!"
51060701-26,V,"[""???"",""Stuff like that""]",130,SMS_I_V_07_02_01,91,SMS_I_V_07_03_01,156,SMS_I_V_07_04_01,Can I use it now?,I want to save it!,You're going to do anything?
51070101-10,Jungkook,"[""Jeongguk"",""I can get items if I invite you.""]",130,SMS_I_Jungkook_01_02_01,156,SMS_I_Jungkook_01_03_01,0,0,I feel used.,"Invite me all you want, then.",
51070101-25,Jungkook,"[""Jeongguk"",""Is GeniusManager you, Manager?""]",156,SMS_I_Jungkook_01_05_01,130,SMS_I_Jungkook_01_06_01,0,0,Who else would it be?,Have you been paying attention?,
51070101-35,Jungkook,"[""Jeongguk"",""*..Thank you..*""]",130,SMS_I_Jungkook_01_08_01,156,SMS_I_Jungkook_01_09_01,0,0,You don't like it?,"Alright, thanks.",
51070301-11,Jungkook,"[""Jeongguk"",""Ah... I mean, it's good.""]",156,SMS_I_Jungkook_03_02_01,91,SMS_I_Jungkook_03_03_01,130,SMS_I_Jungkook_03_04_01,"0You're playing a game right now, aren't you?",Wow rekt,I thought you were a robot!
51070301-23,Jungkook,"[""Jeongguk"",""Yesyesyesyesyesyes""]",156,SMS_I_Jungkook_03_05_01,130,SMS_I_Jungkook_03_06_01,91,SMS_I_Jungkook_03_07_01,"That much, huh?",Me or lamb kebabs?,Never mind.
51070501-10,Jungkook,"[""The hyungs made fun of me."",""0Even though Namjun hyung's done this before...""]",130,SMS_I_Jungkook_05_02_01,156,SMS_I_Jungkook_05_03_01,0,0,That was mean!,!They do it because you're cute.,
51070501-27,Jungkook,"[""The hyungs made fun of me."",""I didn't think you'd come.""]",130,SMS_I_Jungkook_05_05_01,156,SMS_I_Jungkook_05_06_01,0,0,Don't forget next time.,How could I not?,
51070601-6,Jungkook,"[""Manager"",""What do I hate the MOST?""]",156,SMS_I_Jungkook_06_02_01,130,SMS_I_Jungkook_06_03_01,91,SMS_I_Jungkook_06_04_01,Bugs.,Mondays.,All the conflict in the world.
51070601-15,Jungkook,"[""Manager"",""&Made me realize what I really dislike.""]",130,SMS_I_Jungkook_06_05_01,156,SMS_I_Jungkook_06_06_01,91,SMS_I_Jungkook_06_07_01,Waking up early?,Jimin?,Dieting?
51070701-15,Jungkook,"[""Look at this"",""Pfft.""]",91,SMS_I_Jungkook_07_02_01,156,SMS_I_Jungkook_07_03_01,130,SMS_I_Jungkook_07_04_01,"Sure, sure.","%A little arrogant today, aren't we?","Your face is #1, too."
